<?xml version="1.0" encoding="UTF-8"?>
<root>
  <item name="ohos.nfc.NfcController boolean closeNfc()">
    <annotation name="ohos.security.permission.NeedsPermission">
      <val name="value" val="&quot;ohos.permission.MANAGE_SECURE_SETTINGS&quot;" />
    </annotation>
  </item>
  <item name="ohos.nfc.NfcController boolean openNfc()">
    <annotation name="ohos.security.permission.NeedsPermission">
      <val name="value" val="&quot;ohos.permission.MANAGE_SECURE_SETTINGS&quot;" />
    </annotation>
  </item>
</root>

