<?xml version="1.0" encoding="UTF-8"?>
<root>
  <item name="ohos.biometrics.authentication.BiometricAuthentication int cancelAuthenticationAction()">
    <annotation name="ohos.security.permission.NeedsPermission">
      <val name="value" val="&quot;ohos.permission.ACCESS_BIOMETRIC&quot;" />
    </annotation>
  </item>
  <item name="ohos.biometrics.authentication.BiometricAuthentication int checkAuthenticationAvailability(ohos.biometrics.authentication.BiometricAuthentication.AuthType, ohos.biometrics.authentication.BiometricAuthentication.SecureLevel, boolean)">
    <annotation name="ohos.security.permission.NeedsPermission">
      <val name="value" val="&quot;ohos.permission.ACCESS_BIOMETRIC&quot;" />
    </annotation>
  </item>
  <item name="ohos.biometrics.authentication.BiometricAuthentication int execAuthenticationAction(ohos.biometrics.authentication.BiometricAuthentication.AuthType, ohos.biometrics.authentication.BiometricAuthentication.SecureLevel, boolean, boolean, ohos.biometrics.authentication.BiometricAuthentication.SystemAuthDialogInfo)">
    <annotation name="ohos.security.permission.NeedsPermission">
      <val name="value" val="&quot;ohos.permission.ACCESS_BIOMETRIC&quot;" />
    </annotation>
  </item>
  <item name="ohos.biometrics.authentication.BiometricAuthentication java.security.Signature getSecureObjectSignature()">
    <annotation name="ohos.security.permission.NeedsPermission">
      <val name="value" val="&quot;ohos.permission.ACCESS_BIOMETRIC&quot;" />
    </annotation>
  </item>
  <item name="ohos.biometrics.authentication.BiometricAuthentication javax.crypto.Cipher getSecureObjectCipher()">
    <annotation name="ohos.security.permission.NeedsPermission">
      <val name="value" val="&quot;ohos.permission.ACCESS_BIOMETRIC&quot;" />
    </annotation>
  </item>
  <item name="ohos.biometrics.authentication.BiometricAuthentication javax.crypto.Mac getSecureObjectMac()">
    <annotation name="ohos.security.permission.NeedsPermission">
      <val name="value" val="&quot;ohos.permission.ACCESS_BIOMETRIC&quot;" />
    </annotation>
  </item>
  <item name="ohos.biometrics.authentication.BiometricAuthentication ohos.biometrics.authentication.BiometricAuthentication getInstance(ohos.aafwk.ability.Ability)">
    <annotation name="ohos.security.permission.NeedsPermission">
      <val name="value" val="&quot;ohos.permission.ACCESS_BIOMETRIC&quot;" />
    </annotation>
  </item>
  <item name="ohos.biometrics.authentication.BiometricAuthentication ohos.biometrics.authentication.BiometricAuthentication.AuthenticationTips getAuthenticationTips()">
    <annotation name="ohos.security.permission.NeedsPermission">
      <val name="value" val="&quot;ohos.permission.ACCESS_BIOMETRIC&quot;" />
    </annotation>
  </item>
  <item name="ohos.biometrics.authentication.BiometricAuthentication void setSecureObjectCipher(javax.crypto.Cipher)">
    <annotation name="ohos.security.permission.NeedsPermission">
      <val name="value" val="&quot;ohos.permission.ACCESS_BIOMETRIC&quot;" />
    </annotation>
  </item>
  <item name="ohos.biometrics.authentication.BiometricAuthentication void setSecureObjectMac(javax.crypto.Mac)">
    <annotation name="ohos.security.permission.NeedsPermission">
      <val name="value" val="&quot;ohos.permission.ACCESS_BIOMETRIC&quot;" />
    </annotation>
  </item>
  <item name="ohos.biometrics.authentication.BiometricAuthentication void setSecureObjectSignature(java.security.Signature)">
    <annotation name="ohos.security.permission.NeedsPermission">
      <val name="value" val="&quot;ohos.permission.ACCESS_BIOMETRIC&quot;" />
    </annotation>
  </item>
</root>

