<?xml version="1.0" encoding="UTF-8"?>
<root>
  <item name="ohos.bluetooth.A2dpSink boolean connect(ohos.bluetooth.BluetoothRemoteDevice)">
    <annotation name="ohos.security.permission.NeedsPermission">
      <val name="value" val="&quot;ohos.permission.DISCOVER_BLUETOOTH&quot;" />
    </annotation>
  </item>
  <item name="ohos.bluetooth.A2dpSink boolean disconnect(ohos.bluetooth.BluetoothRemoteDevice)">
    <annotation name="ohos.security.permission.NeedsPermission">
      <val name="value" val="&quot;ohos.permission.DISCOVER_BLUETOOTH&quot;" />
    </annotation>
  </item>
  <item name="ohos.bluetooth.A2dpSink int getDeviceState(ohos.bluetooth.BluetoothRemoteDevice)">
    <annotation name="ohos.security.permission.NeedsPermission">
      <val name="value" val="&quot;ohos.permission.USE_BLUETOOTH&quot;" />
    </annotation>
  </item>
  <item name="ohos.bluetooth.A2dpSink int getPlayingState(ohos.bluetooth.BluetoothRemoteDevice)">
    <annotation name="ohos.security.permission.NeedsPermission">
      <val name="value" val="&quot;ohos.permission.USE_BLUETOOTH&quot;" />
    </annotation>
  </item>
  <item name="ohos.bluetooth.A2dpSink java.util.List&lt;ohos.bluetooth.BluetoothRemoteDevice&gt; getDevicesByStates(int[])">
    <annotation name="ohos.security.permission.NeedsPermission">
      <val name="value" val="&quot;ohos.permission.USE_BLUETOOTH&quot;" />
    </annotation>
  </item>
  <item name="ohos.bluetooth.A2dpSource int getDeviceState(ohos.bluetooth.BluetoothRemoteDevice)">
    <annotation name="ohos.security.permission.NeedsPermission">
      <val name="value" val="&quot;ohos.permission.USE_BLUETOOTH&quot;" />
    </annotation>
  </item>
  <item name="ohos.bluetooth.A2dpSource int getPlayingState(ohos.bluetooth.BluetoothRemoteDevice)">
    <annotation name="ohos.security.permission.NeedsPermission">
      <val name="value" val="&quot;ohos.permission.USE_BLUETOOTH&quot;" />
    </annotation>
  </item>
  <item name="ohos.bluetooth.A2dpSource java.util.List&lt;ohos.bluetooth.BluetoothRemoteDevice&gt; getDevicesByStates(int[])">
    <annotation name="ohos.security.permission.NeedsPermission">
      <val name="value" val="&quot;ohos.permission.USE_BLUETOOTH&quot;" />
    </annotation>
  </item>
  <item name="ohos.bluetooth.BluetoothHost boolean cancelBtDiscovery()">
    <annotation name="ohos.security.permission.NeedsPermission">
      <val name="value" val="&quot;ohos.permission.DISCOVER_BLUETOOTH&quot;" />
    </annotation>
  </item>
  <item name="ohos.bluetooth.BluetoothHost boolean disableBt()">
    <annotation name="ohos.security.permission.NeedsPermission">
      <val name="value" val="&quot;ohos.permission.DISCOVER_BLUETOOTH&quot;" />
    </annotation>
  </item>
  <item name="ohos.bluetooth.BluetoothHost boolean enableBt()">
    <annotation name="ohos.security.permission.NeedsPermission">
      <val name="value" val="&quot;ohos.permission.DISCOVER_BLUETOOTH&quot;" />
    </annotation>
  </item>
  <item name="ohos.bluetooth.BluetoothHost boolean isBtDiscovering()">
    <annotation name="ohos.security.permission.NeedsPermission">
      <val name="value" val="&quot;ohos.permission.USE_BLUETOOTH&quot;" />
    </annotation>
  </item>
  <item name="ohos.bluetooth.BluetoothHost boolean setBtScanMode(int, int)">
    <annotation name="ohos.security.permission.NeedsPermission">
      <val name="value" val="&quot;ohos.permission.USE_BLUETOOTH&quot;" />
    </annotation>
  </item>
  <item name="ohos.bluetooth.BluetoothHost boolean setDevicePairingConfirmation(ohos.bluetooth.BluetoothRemoteDevice, boolean)">
    <annotation name="ohos.security.permission.NeedsPermission">
      <val name="value" val="&quot;ohos.permission.MANAGE_BLUETOOTH&quot;" />
    </annotation>
  </item>
  <item name="ohos.bluetooth.BluetoothHost boolean setLocalName(java.lang.String)">
    <annotation name="ohos.security.permission.NeedsPermission">
      <val name="value" val="&quot;ohos.permission.DISCOVER_BLUETOOTH&quot;" />
    </annotation>
  </item>
  <item name="ohos.bluetooth.BluetoothHost boolean startBtDiscovery()">
    <annotation name="ohos.security.permission.NeedsPermission">
      <val name="all" val="{&quot;ohos.permission.DISCOVER_BLUETOOTH&quot;, &quot;ohos.permission.LOCATION&quot;}" />
    </annotation>
  </item>
  <item name="ohos.bluetooth.BluetoothHost int getBleCapabilities()">
    <annotation name="ohos.security.permission.NeedsPermission">
      <val name="value" val="&quot;ohos.permission.USE_BLUETOOTH&quot;" />
    </annotation>
  </item>
  <item name="ohos.bluetooth.BluetoothHost int getBleMaxAdvertisingDataLength()">
    <annotation name="ohos.security.permission.NeedsPermission">
      <val name="value" val="&quot;ohos.permission.USE_BLUETOOTH&quot;" />
    </annotation>
  </item>
  <item name="ohos.bluetooth.BluetoothHost int getBtScanMode()">
    <annotation name="ohos.security.permission.NeedsPermission">
      <val name="value" val="&quot;ohos.permission.USE_BLUETOOTH&quot;" />
    </annotation>
  </item>
  <item name="ohos.bluetooth.BluetoothHost int getBtState()">
    <annotation name="ohos.security.permission.NeedsPermission">
      <val name="value" val="&quot;ohos.permission.USE_BLUETOOTH&quot;" />
    </annotation>
  </item>
  <item name="ohos.bluetooth.BluetoothHost int getProfileConnState(int)">
    <annotation name="ohos.security.permission.NeedsPermission">
      <val name="value" val="&quot;ohos.permission.USE_BLUETOOTH&quot;" />
    </annotation>
  </item>
  <item name="ohos.bluetooth.BluetoothHost java.util.List&lt;ohos.bluetooth.BluetoothRemoteDevice&gt; getPairedDevices()">
    <annotation name="ohos.security.permission.NeedsPermission">
      <val name="value" val="&quot;ohos.permission.USE_BLUETOOTH&quot;" />
    </annotation>
  </item>
  <item name="ohos.bluetooth.BluetoothHost java.util.Optional&lt;java.lang.String&gt; getLocalName()">
    <annotation name="ohos.security.permission.NeedsPermission">
      <val name="value" val="&quot;ohos.permission.USE_BLUETOOTH&quot;" />
    </annotation>
  </item>
  <item name="ohos.bluetooth.BluetoothRemoteDevice boolean startPair()">
    <annotation name="ohos.security.permission.NeedsPermission">
      <val name="value" val="&quot;ohos.permission.DISCOVER_BLUETOOTH&quot;" />
    </annotation>
  </item>
  <item name="ohos.bluetooth.DataListenSocket ohos.bluetooth.SppClientSocket buildInsecureRfcommDataSocket(ohos.bluetooth.BluetoothRemoteDevice, java.util.UUID)">
    <annotation name="ohos.security.permission.NeedsPermission">
      <val name="value" val="&quot;ohos.permission.USE_BLUETOOTH&quot;" />
    </annotation>
  </item>
  <item name="ohos.bluetooth.DataListenSocket ohos.bluetooth.SppClientSocket buildRfcommDataSocket(ohos.bluetooth.BluetoothRemoteDevice, java.util.UUID)">
    <annotation name="ohos.security.permission.NeedsPermission">
      <val name="value" val="&quot;ohos.permission.USE_BLUETOOTH&quot;" />
    </annotation>
  </item>
  <item name="ohos.bluetooth.DataListenSocket ohos.bluetooth.SppServerSocket dataListenInsecureRfcomm(java.lang.String, java.util.UUID)">
    <annotation name="ohos.security.permission.NeedsPermission">
      <val name="value" val="&quot;ohos.permission.USE_BLUETOOTH&quot;" />
    </annotation>
  </item>
  <item name="ohos.bluetooth.DataListenSocket ohos.bluetooth.SppServerSocket dataListenRfcomm(java.lang.String, java.util.UUID)">
    <annotation name="ohos.security.permission.NeedsPermission">
      <val name="value" val="&quot;ohos.permission.USE_BLUETOOTH&quot;" />
    </annotation>
  </item>
  <item name="ohos.bluetooth.HandsFreeAudioGateway boolean closeVoiceRecognition(ohos.bluetooth.BluetoothRemoteDevice)">
    <annotation name="ohos.security.permission.NeedsPermission">
      <val name="value" val="&quot;ohos.permission.DISCOVER_BLUETOOTH&quot;" />
    </annotation>
  </item>
  <item name="ohos.bluetooth.HandsFreeAudioGateway boolean connectSco()">
    <annotation name="ohos.security.permission.NeedsPermission">
      <val name="value" val="&quot;ohos.permission.DISCOVER_BLUETOOTH&quot;" />
    </annotation>
  </item>
  <item name="ohos.bluetooth.HandsFreeAudioGateway boolean disconnectSco()">
    <annotation name="ohos.security.permission.NeedsPermission">
      <val name="value" val="&quot;ohos.permission.DISCOVER_BLUETOOTH&quot;" />
    </annotation>
  </item>
  <item name="ohos.bluetooth.HandsFreeAudioGateway boolean openVoiceRecognition(ohos.bluetooth.BluetoothRemoteDevice)">
    <annotation name="ohos.security.permission.NeedsPermission">
      <val name="value" val="&quot;ohos.permission.DISCOVER_BLUETOOTH&quot;" />
    </annotation>
  </item>
  <item name="ohos.bluetooth.HandsFreeAudioGateway int getDeviceState(ohos.bluetooth.BluetoothRemoteDevice)">
    <annotation name="ohos.security.permission.NeedsPermission">
      <val name="value" val="&quot;ohos.permission.USE_BLUETOOTH&quot;" />
    </annotation>
  </item>
  <item name="ohos.bluetooth.HandsFreeAudioGateway int getScoState(ohos.bluetooth.BluetoothRemoteDevice)">
    <annotation name="ohos.security.permission.NeedsPermission">
      <val name="value" val="&quot;ohos.permission.USE_BLUETOOTH&quot;" />
    </annotation>
  </item>
  <item name="ohos.bluetooth.HandsFreeAudioGateway java.util.List&lt;ohos.bluetooth.BluetoothRemoteDevice&gt; getConnectedDevices()">
    <annotation name="ohos.security.permission.NeedsPermission">
      <val name="value" val="&quot;ohos.permission.USE_BLUETOOTH&quot;" />
    </annotation>
  </item>
  <item name="ohos.bluetooth.HandsFreeAudioGateway java.util.List&lt;ohos.bluetooth.BluetoothRemoteDevice&gt; getDevicesByStates(int[])">
    <annotation name="ohos.security.permission.NeedsPermission">
      <val name="value" val="&quot;ohos.permission.USE_BLUETOOTH&quot;" />
    </annotation>
  </item>
  <item name="ohos.bluetooth.SppClientSocket void connect()">
    <annotation name="ohos.security.permission.NeedsPermission">
      <val name="value" val="&quot;ohos.permission.USE_BLUETOOTH&quot;" />
    </annotation>
  </item>
</root>

