<?xml version="1.0" encoding="UTF-8"?>
<root>
  <item name="ohos.bundle.IBundleManager boolean getClearUserDataFlag(java.lang.String, java.lang.String)">
    <annotation name="ohos.security.permission.NeedsPermission">
      <val name="value" val="&quot;ohos.permission.GET_OTHER_USERS_BUNDLE_INFO&quot;" />
    </annotation>
  </item>
  <item name="ohos.bundle.IBundleManager boolean setClearUserDataFlag(java.lang.String, boolean)">
    <annotation name="ohos.security.permission.NeedsPermission">
      <val name="value" val="&quot;ohos.permission.GET_OTHER_USERS_BUNDLE_INFO&quot;" />
    </annotation>
  </item>
  <item name="ohos.bundle.IBundleManager boolean setFormEnabled(ohos.bundle.FormBaseInfo, boolean)">
    <annotation name="ohos.security.permission.NeedsPermission">
      <val name="value" val="&quot;ohos.permission.GET_OTHER_USERS_BUNDLE_INFO&quot;" />
    </annotation>
  </item>
  <item name="ohos.bundle.IBundleManager int checkPublicKeys(java.lang.String, java.lang.String)">
    <annotation name="ohos.security.permission.NeedsPermission">
      <val name="value" val="&quot;ohos.permission.GET_OTHER_USERS_BUNDLE_INFO&quot;" />
    </annotation>
  </item>
  <item name="ohos.bundle.IBundleManager int getUidByBundleName(java.lang.String, int)">
    <annotation name="ohos.security.permission.NeedsPermission">
      <val name="any" val="{&quot;ohos.permission.GET_BUNDLE_INFO_PRIVILEGED&quot;, &quot;ohos.permission.GET_BUNDLE_INFO&quot;}" />
    </annotation>
  </item>
  <item name="ohos.bundle.IBundleManager java.lang.String getAppType(java.lang.String)">
    <annotation name="ohos.security.permission.NeedsPermission">
      <val name="value" val="&quot;ohos.permission.GET_OTHER_USERS_BUNDLE_INFO&quot;" />
    </annotation>
  </item>
  <item name="ohos.bundle.IBundleManager java.util.List&lt;java.lang.String&gt; getAppsGrantedPermissions(java.lang.String[])">
    <annotation name="ohos.security.permission.NeedsPermission">
      <val name="value" val="&quot;ohos.permission.GET_BUNDLE_INFO_PRIVILEGED&quot;" />
    </annotation>
  </item>
  <item name="ohos.bundle.IBundleManager java.util.List&lt;java.lang.String&gt; getBundlesForUid(int)">
    <annotation name="ohos.security.permission.NeedsPermission">
      <val name="value" val="&quot;ohos.permission.GET_BUNDLE_INFO_PRIVILEGED&quot;" />
    </annotation>
  </item>
  <item name="ohos.bundle.IBundleManager java.util.List&lt;ohos.bundle.AbilityInfo&gt; queryAbilityByIntent(ohos.aafwk.content.Intent, int, int)">
    <annotation name="ohos.security.permission.NeedsPermission">
      <val name="any" val="{&quot;ohos.permission.GET_BUNDLE_INFO_PRIVILEGED&quot;, &quot;ohos.permission.GET_BUNDLE_INFO&quot;}" />
    </annotation>
  </item>
  <item name="ohos.bundle.IBundleManager java.util.List&lt;ohos.bundle.ApplicationInfo&gt; getApplicationInfos(int, int)">
    <annotation name="ohos.security.permission.NeedsPermission">
      <val name="any" val="{&quot;ohos.permission.GET_OTHER_USERS_BUNDLE_INFO&quot;, &quot;ohos.permission.GET_BUNDLE_INFO_PRIVILEGED&quot;}" />
    </annotation>
  </item>
  <item name="ohos.bundle.IBundleManager java.util.List&lt;ohos.bundle.BundleInfo&gt; getBundleInfos(int)">
    <annotation name="ohos.security.permission.NeedsPermission">
      <val name="value" val="&quot;ohos.permission.GET_BUNDLE_INFO_PRIVILEGED&quot;" />
    </annotation>
  </item>
  <item name="ohos.bundle.IBundleManager java.util.List&lt;ohos.bundle.FormInfo&gt; getAllFormsInfo()">
    <annotation name="ohos.security.permission.NeedsPermission">
      <val name="value" val="&quot;ohos.permission.GET_BUNDLE_INFO_PRIVILEGED&quot;" />
    </annotation>
  </item>
  <item name="ohos.bundle.IBundleManager java.util.List&lt;ohos.bundle.FormInfo&gt; getFormsInfoByApp(java.lang.String)">
    <annotation name="ohos.security.permission.NeedsPermission">
      <val name="all" val="{&quot;ohos.permission.GET_BUNDLE_INFO_PRIVILEGED&quot;, &quot;ohos.permission.GET_OTHER_USERS_BUNDLE_INFO&quot;}" />
    </annotation>
  </item>
  <item name="ohos.bundle.IBundleManager java.util.List&lt;ohos.bundle.FormInfo&gt; getFormsInfoByModule(java.lang.String, java.lang.String)">
    <annotation name="ohos.security.permission.NeedsPermission">
      <val name="all" val="{&quot;ohos.permission.GET_BUNDLE_INFO_PRIVILEGED&quot;, &quot;ohos.permission.GET_OTHER_USERS_BUNDLE_INFO&quot;}" />
    </annotation>
  </item>
  <item name="ohos.bundle.IBundleManager java.util.List&lt;ohos.bundle.ShortcutInfo&gt; getShortcutInfos(java.lang.String)">
    <annotation name="ohos.security.permission.NeedsPermission">
      <val name="all" val="{&quot;ohos.permission.GET_OTHER_USERS_BUNDLE_INFO&quot;, &quot;ohos.permission.MANAGE_SHORTCUTS&quot;}" />
    </annotation>
  </item>
  <item name="ohos.bundle.IBundleManager ohos.aafwk.content.Intent getLaunchIntentForBundle(java.lang.String)">
    <annotation name="ohos.security.permission.NeedsPermission">
      <val name="value" val="&quot;ohos.permission.GET_BUNDLE_INFO_PRIVILEGED&quot;" />
    </annotation>
  </item>
  <item name="ohos.bundle.IBundleManager ohos.bundle.ApplicationInfo getApplicationInfo(java.lang.String, int, int)">
    <annotation name="ohos.security.permission.NeedsPermission">
      <val name="any" val="{&quot;ohos.permission.GET_BUNDLE_INFO_PRIVILEGED&quot;, &quot;ohos.permission.GET_BUNDLE_INFO&quot;}" />
    </annotation>
  </item>
  <item name="ohos.bundle.IBundleManager ohos.bundle.BundleInfo getBundleInfo(java.lang.String, int)">
    <annotation name="ohos.security.permission.NeedsPermission">
      <val name="any" val="{&quot;ohos.permission.GET_BUNDLE_INFO_PRIVILEGED&quot;, &quot;ohos.permission.GET_BUNDLE_INFO&quot;}" />
    </annotation>
  </item>
  <item name="ohos.bundle.IBundleManager ohos.bundle.BundleInfo getBundleInfo(java.lang.String, java.lang.String, int)">
    <annotation name="ohos.security.permission.NeedsPermission">
      <val name="any" val="{&quot;ohos.permission.GET_BUNDLE_INFO_PRIVILEGED&quot;, &quot;ohos.permission.GET_BUNDLE_INFO&quot;}" />
    </annotation>
  </item>
  <item name="ohos.bundle.IBundleManager ohos.bundle.IBundleInstaller getBundleInstaller()">
    <annotation name="ohos.security.permission.NeedsPermission">
      <val name="value" val="&quot;ohos.permission.INSTALL_BUNDLE&quot;" />
    </annotation>
  </item>
  <item name="ohos.bundle.IBundleManager void registerPermissionsChanged(int[], ohos.rpc.IRemoteObject)">
    <annotation name="ohos.security.permission.NeedsPermission">
      <val name="value" val="&quot;ohos.permission.LISTEN_PERMISSION_CHANGE&quot;" />
    </annotation>
  </item>
  <item name="ohos.bundle.IBundleManager void startShortcut(java.lang.String, java.lang.String)">
    <annotation name="ohos.security.permission.NeedsPermission">
      <val name="value" val="&quot;ohos.permission.MANAGE_SHORTCUTS&quot;" />
    </annotation>
  </item>
  <item name="ohos.bundle.IBundleManager void unregisterPermissionsChanged(ohos.rpc.IRemoteObject)">
    <annotation name="ohos.security.permission.NeedsPermission">
      <val name="value" val="&quot;ohos.permission.LISTEN_PERMISSION_CHANGE&quot;" />
    </annotation>
  </item>
</root>

