<?xml version="1.0" encoding="UTF-8"?>
<root>
  <item name="ohos.sysappcomponents.contact.ContactsHelper boolean deleteContact(java.lang.String)">
    <annotation name="ohos.security.permission.NeedsPermission">
      <val name="all" val="{&quot;ohos.permission.READ_CONTACTS&quot;, &quot;ohos.permission.WRITE_CONTACTS&quot;}" />
    </annotation>
  </item>
  <item name="ohos.sysappcomponents.contact.ContactsHelper boolean isLocalContact(long)">
    <annotation name="ohos.security.permission.NeedsPermission">
      <val name="all" val="{&quot;ohos.permission.READ_CONTACTS&quot;, &quot;ohos.permission.WRITE_CONTACTS&quot;}" />
    </annotation>
  </item>
  <item name="ohos.sysappcomponents.contact.ContactsHelper boolean updateContact(ohos.sysappcomponents.contact.entity.Contact, ohos.sysappcomponents.contact.ContactAttributes)">
    <annotation name="ohos.security.permission.NeedsPermission">
      <val name="all" val="{&quot;ohos.permission.READ_CONTACTS&quot;, &quot;ohos.permission.WRITE_CONTACTS&quot;}" />
    </annotation>
  </item>
  <item name="ohos.sysappcomponents.contact.ContactsHelper java.lang.String queryKey(long, ohos.sysappcomponents.contact.entity.Holder)">
    <annotation name="ohos.security.permission.NeedsPermission">
      <val name="all" val="{&quot;ohos.permission.READ_CONTACTS&quot;, &quot;ohos.permission.WRITE_CONTACTS&quot;}" />
    </annotation>
  </item>
  <item name="ohos.sysappcomponents.contact.ContactsHelper java.util.List&lt;ohos.sysappcomponents.contact.entity.Group&gt; queryGroups(ohos.sysappcomponents.contact.entity.Holder)">
    <annotation name="ohos.security.permission.NeedsPermission">
      <val name="all" val="{&quot;ohos.permission.READ_CONTACTS&quot;, &quot;ohos.permission.WRITE_CONTACTS&quot;}" />
    </annotation>
  </item>
  <item name="ohos.sysappcomponents.contact.ContactsHelper long addContact(ohos.sysappcomponents.contact.entity.Contact)">
    <annotation name="ohos.security.permission.NeedsPermission">
      <val name="all" val="{&quot;ohos.permission.READ_CONTACTS&quot;, &quot;ohos.permission.WRITE_CONTACTS&quot;}" />
    </annotation>
  </item>
  <item name="ohos.sysappcomponents.contact.ContactsHelper ohos.sysappcomponents.contact.ContactsCollection queryContacts(ohos.sysappcomponents.contact.entity.Holder, ohos.sysappcomponents.contact.ContactAttributes)">
    <annotation name="ohos.security.permission.NeedsPermission">
      <val name="all" val="{&quot;ohos.permission.READ_CONTACTS&quot;, &quot;ohos.permission.WRITE_CONTACTS&quot;}" />
    </annotation>
  </item>
  <item name="ohos.sysappcomponents.contact.ContactsHelper ohos.sysappcomponents.contact.ContactsCollection queryContactsByEmail(java.lang.String, ohos.sysappcomponents.contact.entity.Holder, ohos.sysappcomponents.contact.ContactAttributes)">
    <annotation name="ohos.security.permission.NeedsPermission">
      <val name="all" val="{&quot;ohos.permission.READ_CONTACTS&quot;, &quot;ohos.permission.WRITE_CONTACTS&quot;}" />
    </annotation>
  </item>
  <item name="ohos.sysappcomponents.contact.ContactsHelper ohos.sysappcomponents.contact.ContactsCollection queryContactsByPhoneNumber(java.lang.String, ohos.sysappcomponents.contact.entity.Holder, ohos.sysappcomponents.contact.ContactAttributes)">
    <annotation name="ohos.security.permission.NeedsPermission">
      <val name="all" val="{&quot;ohos.permission.READ_CONTACTS&quot;, &quot;ohos.permission.WRITE_CONTACTS&quot;}" />
    </annotation>
  </item>
  <item name="ohos.sysappcomponents.contact.ContactsHelper ohos.sysappcomponents.contact.HoldersCollection queryHolders()">
    <annotation name="ohos.security.permission.NeedsPermission">
      <val name="all" val="{&quot;ohos.permission.READ_CONTACTS&quot;, &quot;ohos.permission.WRITE_CONTACTS&quot;}" />
    </annotation>
  </item>
  <item name="ohos.sysappcomponents.contact.ContactsHelper ohos.sysappcomponents.contact.entity.Contact queryContact(java.lang.String, ohos.sysappcomponents.contact.entity.Holder, ohos.sysappcomponents.contact.ContactAttributes)">
    <annotation name="ohos.security.permission.NeedsPermission">
      <val name="all" val="{&quot;ohos.permission.READ_CONTACTS&quot;, &quot;ohos.permission.WRITE_CONTACTS&quot;}" />
    </annotation>
  </item>
  <item name="ohos.sysappcomponents.contact.ContactsHelper ohos.sysappcomponents.contact.entity.Contact queryMyCard(ohos.sysappcomponents.contact.ContactAttributes)">
    <annotation name="ohos.security.permission.NeedsPermission">
      <val name="all" val="{&quot;ohos.permission.READ_CONTACTS&quot;, &quot;ohos.permission.WRITE_CONTACTS&quot;}" />
    </annotation>
  </item>
</root>

