<?xml version="1.0" encoding="UTF-8"?>
<root>
  <item name="ohos.bluetooth.ble.BleAdvertiser void close()">
    <annotation name="ohos.security.permission.NeedsPermission">
      <val name="value" val="&quot;ohos.permission.DISCOVER_BLUETOOTH&quot;" />
    </annotation>
  </item>
  <item name="ohos.bluetooth.ble.BleAdvertiser void startAdvertising(ohos.bluetooth.ble.BleAdvertiseSettings, ohos.bluetooth.ble.BleAdvertiseData, ohos.bluetooth.ble.BleAdvertiseData)">
    <annotation name="ohos.security.permission.NeedsPermission">
      <val name="value" val="&quot;ohos.permission.DISCOVER_BLUETOOTH&quot;" />
    </annotation>
  </item>
  <item name="ohos.bluetooth.ble.BleAdvertiser void stopAdvertising()">
    <annotation name="ohos.security.permission.NeedsPermission">
      <val name="value" val="&quot;ohos.permission.DISCOVER_BLUETOOTH&quot;" />
    </annotation>
  </item>
  <item name="ohos.bluetooth.ble.BleCentralManager java.util.List&lt;ohos.bluetooth.ble.BlePeripheralDevice&gt; getDevicesByStates(int[])">
    <annotation name="ohos.security.permission.NeedsPermission">
      <val name="value" val="&quot;ohos.permission.USE_BLUETOOTH&quot;" />
    </annotation>
  </item>
  <item name="ohos.bluetooth.ble.BleCentralManager void startScan(java.util.List<ohos.bluetooth.ble.BleScanFilter>)">
    <annotation name="ohos.security.permission.NeedsPermission">
      <val name="all" val="{&quot;ohos.permission.DISCOVER_BLUETOOTH&quot;, &quot;ohos.permission.MANAGE_BLUETOOTH&quot;, &quot;ohos.permission.LOCATION&quot;}" />
    </annotation>
  </item>
  <item name="ohos.bluetooth.ble.BleCentralManager void startScan(java.util.List<ohos.bluetooth.ble.BleScanFilter>, int, int)">
    <annotation name="ohos.security.permission.NeedsPermission">
      <val name="all" val="{&quot;ohos.permission.DISCOVER_BLUETOOTH&quot;, &quot;ohos.permission.MANAGE_BLUETOOTH&quot;, &quot;ohos.permission.LOCATION&quot;}" />
    </annotation>
  </item>
  <item name="ohos.bluetooth.ble.BleCentralManager void startScan(java.util.List<ohos.bluetooth.ble.BleScanFilter>, int, int, long)">
    <annotation name="ohos.security.permission.NeedsPermission">
      <val name="all" val="{&quot;ohos.permission.DISCOVER_BLUETOOTH&quot;, &quot;ohos.permission.MANAGE_BLUETOOTH&quot;, &quot;ohos.permission.LOCATION&quot;}" />
    </annotation>
  </item>
  <item name="ohos.bluetooth.ble.BleCentralManager void stopScan()">
    <annotation name="ohos.security.permission.NeedsPermission">
      <val name="value" val="&quot;ohos.permission.DISCOVER_BLUETOOTH&quot;" />
    </annotation>
  </item>
  <item name="ohos.bluetooth.ble.BlePeripheralDevice boolean close()">
    <annotation name="ohos.security.permission.NeedsPermission">
      <val name="value" val="&quot;ohos.permission.USE_BLUETOOTH&quot;" />
    </annotation>
  </item>
  <item name="ohos.bluetooth.ble.BlePeripheralDevice boolean connect(boolean, ohos.bluetooth.ble.BlePeripheralCallback)">
    <annotation name="ohos.security.permission.NeedsPermission">
      <val name="value" val="&quot;ohos.permission.USE_BLUETOOTH&quot;" />
    </annotation>
  </item>
  <item name="ohos.bluetooth.ble.BlePeripheralDevice boolean disconnect()">
    <annotation name="ohos.security.permission.NeedsPermission">
      <val name="value" val="&quot;ohos.permission.USE_BLUETOOTH&quot;" />
    </annotation>
  </item>
  <item name="ohos.bluetooth.ble.BlePeripheralDevice boolean discoverServices()">
    <annotation name="ohos.security.permission.NeedsPermission">
      <val name="value" val="&quot;ohos.permission.USE_BLUETOOTH&quot;" />
    </annotation>
  </item>
  <item name="ohos.bluetooth.ble.BlePeripheralDevice boolean readCharacteristic(ohos.bluetooth.ble.GattCharacteristic)">
    <annotation name="ohos.security.permission.NeedsPermission">
      <val name="value" val="&quot;ohos.permission.USE_BLUETOOTH&quot;" />
    </annotation>
  </item>
  <item name="ohos.bluetooth.ble.BlePeripheralDevice boolean readDescriptor(ohos.bluetooth.ble.GattDescriptor)">
    <annotation name="ohos.security.permission.NeedsPermission">
      <val name="value" val="&quot;ohos.permission.USE_BLUETOOTH&quot;" />
    </annotation>
  </item>
  <item name="ohos.bluetooth.ble.BlePeripheralDevice boolean readRemoteRssiValue()">
    <annotation name="ohos.security.permission.NeedsPermission">
      <val name="value" val="&quot;ohos.permission.USE_BLUETOOTH&quot;" />
    </annotation>
  </item>
  <item name="ohos.bluetooth.ble.BlePeripheralDevice boolean requestBleConnectionPriority(int)">
    <annotation name="ohos.security.permission.NeedsPermission">
      <val name="value" val="&quot;ohos.permission.USE_BLUETOOTH&quot;" />
    </annotation>
  </item>
  <item name="ohos.bluetooth.ble.BlePeripheralDevice boolean requestBleMtuSize(int)">
    <annotation name="ohos.security.permission.NeedsPermission">
      <val name="value" val="&quot;ohos.permission.USE_BLUETOOTH&quot;" />
    </annotation>
  </item>
  <item name="ohos.bluetooth.ble.BlePeripheralDevice boolean setNotifyCharacteristic(ohos.bluetooth.ble.GattCharacteristic, boolean)">
    <annotation name="ohos.security.permission.NeedsPermission">
      <val name="value" val="&quot;ohos.permission.USE_BLUETOOTH&quot;" />
    </annotation>
  </item>
  <item name="ohos.bluetooth.ble.BlePeripheralDevice boolean writeCharacteristic(ohos.bluetooth.ble.GattCharacteristic)">
    <annotation name="ohos.security.permission.NeedsPermission">
      <val name="value" val="&quot;ohos.permission.USE_BLUETOOTH&quot;" />
    </annotation>
  </item>
  <item name="ohos.bluetooth.ble.BlePeripheralDevice boolean writeDescriptor(ohos.bluetooth.ble.GattDescriptor)">
    <annotation name="ohos.security.permission.NeedsPermission">
      <val name="value" val="&quot;ohos.permission.USE_BLUETOOTH&quot;" />
    </annotation>
  </item>
  <item name="ohos.bluetooth.ble.BlePeripheralDevice java.util.Optional&lt;java.lang.String&gt; getDeviceName()">
    <annotation name="ohos.security.permission.NeedsPermission">
      <val name="value" val="&quot;ohos.permission.USE_BLUETOOTH&quot;" />
    </annotation>
  </item>
  <item name="ohos.bluetooth.ble.BlePeripheralManager boolean addService(ohos.bluetooth.ble.GattService)">
    <annotation name="ohos.security.permission.NeedsPermission">
      <val name="value" val="&quot;ohos.permission.USE_BLUETOOTH&quot;" />
    </annotation>
  </item>
  <item name="ohos.bluetooth.ble.BlePeripheralManager boolean notifyCharacteristicChanged(ohos.bluetooth.ble.BlePeripheralDevice, ohos.bluetooth.ble.GattCharacteristic, boolean)">
    <annotation name="ohos.security.permission.NeedsPermission">
      <val name="value" val="&quot;ohos.permission.USE_BLUETOOTH&quot;" />
    </annotation>
  </item>
  <item name="ohos.bluetooth.ble.BlePeripheralManager boolean removeGattService(ohos.bluetooth.ble.GattService)">
    <annotation name="ohos.security.permission.NeedsPermission">
      <val name="value" val="&quot;ohos.permission.USE_BLUETOOTH&quot;" />
    </annotation>
  </item>
  <item name="ohos.bluetooth.ble.BlePeripheralManager boolean sendResponse(ohos.bluetooth.ble.BlePeripheralDevice, int, int, int, byte[])">
    <annotation name="ohos.security.permission.NeedsPermission">
      <val name="value" val="&quot;ohos.permission.USE_BLUETOOTH&quot;" />
    </annotation>
  </item>
  <item name="ohos.bluetooth.ble.BlePeripheralManager java.util.List&lt;ohos.bluetooth.ble.BlePeripheralDevice&gt; getDevicesByStates(int[])">
    <annotation name="ohos.security.permission.NeedsPermission">
      <val name="value" val="&quot;ohos.permission.USE_BLUETOOTH&quot;" />
    </annotation>
  </item>
  <item name="ohos.bluetooth.ble.BlePeripheralManager void cancelConnection(ohos.bluetooth.ble.BlePeripheralDevice)">
    <annotation name="ohos.security.permission.NeedsPermission">
      <val name="value" val="&quot;ohos.permission.USE_BLUETOOTH&quot;" />
    </annotation>
  </item>
  <item name="ohos.bluetooth.ble.BlePeripheralManager void clearServices()">
    <annotation name="ohos.security.permission.NeedsPermission">
      <val name="value" val="&quot;ohos.permission.USE_BLUETOOTH&quot;" />
    </annotation>
  </item>
  <item name="ohos.bluetooth.ble.BlePeripheralManager void close()">
    <annotation name="ohos.security.permission.NeedsPermission">
      <val name="value" val="&quot;ohos.permission.USE_BLUETOOTH&quot;" />
    </annotation>
  </item>
</root>

