<?xml version="1.0" encoding="UTF-8"?>
<root>
  <item name="ohos.location.Locator ohos.location.Location getCachedLocation()">
    <annotation name="ohos.security.permission.NeedsPermission">
      <val name="value" val="&quot;ohos.permission.LOCATION&quot;" />
    </annotation>
  </item>
  <item name="ohos.location.Locator void requestOnce(ohos.location.RequestParam, ohos.location.LocatorCallback)">
    <annotation name="ohos.security.permission.NeedsPermission">
      <val name="value" val="&quot;ohos.permission.LOCATION&quot;" />
    </annotation>
  </item>
  <item name="ohos.location.Locator void startLocating(ohos.location.RequestParam, ohos.location.LocatorCallback)">
    <annotation name="ohos.security.permission.NeedsPermission">
      <val name="value" val="&quot;ohos.permission.LOCATION&quot;" />
    </annotation>
  </item>
</root>

