<?xml version="1.0" encoding="UTF-8"?>
<root>
  <item name="ohos.wifi.p2p.WifiP2pController void cancelConnect(ohos.wifi.p2p.WifiP2pCallback)">
    <annotation name="ohos.security.permission.NeedsPermission">
      <val name="value" val="&quot;ohos.permission.GET_WIFI_INFO&quot;" />
    </annotation>
  </item>
  <item name="ohos.wifi.p2p.WifiP2pController void connect(ohos.wifi.p2p.WifiP2pConfig, ohos.wifi.p2p.WifiP2pCallback)">
    <annotation name="ohos.security.permission.NeedsPermission">
      <val name="value" val="&quot;ohos.permission.GET_WIFI_INFO&quot;" />
    </annotation>
  </item>
  <item name="ohos.wifi.p2p.WifiP2pController void createGroup(ohos.wifi.p2p.WifiP2pConfig, ohos.wifi.p2p.WifiP2pCallback)">
    <annotation name="ohos.security.permission.NeedsPermission">
      <val name="value" val="&quot;ohos.permission.GET_WIFI_INFO&quot;" />
    </annotation>
  </item>
  <item name="ohos.wifi.p2p.WifiP2pController void discoverDevices(ohos.wifi.p2p.WifiP2pCallback)">
    <annotation name="ohos.security.permission.NeedsPermission">
      <val name="value" val="&quot;ohos.permission.GET_WIFI_INFO&quot;" />
    </annotation>
  </item>
  <item name="ohos.wifi.p2p.WifiP2pController void removeGroup(ohos.wifi.p2p.WifiP2pCallback)">
    <annotation name="ohos.security.permission.NeedsPermission">
      <val name="value" val="&quot;ohos.permission.GET_WIFI_INFO&quot;" />
    </annotation>
  </item>
  <item name="ohos.wifi.p2p.WifiP2pController void requestP2pInfo(int, ohos.wifi.p2p.WifiP2pCallback)">
    <annotation name="ohos.security.permission.NeedsPermission">
      <val name="value" val="&quot;ohos.permission.GET_WIFI_INFO&quot;" />
    </annotation>
  </item>
  <item name="ohos.wifi.p2p.WifiP2pController void stopDeviceDiscovery(ohos.wifi.p2p.WifiP2pCallback)">
    <annotation name="ohos.security.permission.NeedsPermission">
      <val name="value" val="&quot;ohos.permission.GET_WIFI_INFO&quot;" />
    </annotation>
  </item>
</root>

