<?xml version="1.0" encoding="UTF-8"?>
<root>
  <item name="ohos.security.SystemPermission ACCELEROMETER">
    <annotation name="ohos.security.permission.PermissionLevel">
      <val name="availableScope" val="{ohos.security.permission.PermissionAvailableScope.ALL}" />
      <val name="grantMode" val="ohos.security.permission.PermissionGrantMode.SYSTEM_GRANT" />
    </annotation>
  </item>
  <item name="ohos.security.SystemPermission ACCESS_BIOMETRIC">
    <annotation name="ohos.security.permission.PermissionLevel">
      <val name="availableScope" val="{ohos.security.permission.PermissionAvailableScope.ALL}" />
      <val name="grantMode" val="ohos.security.permission.PermissionGrantMode.SYSTEM_GRANT" />
    </annotation>
  </item>
  <item name="ohos.security.SystemPermission ACCESS_BIOMETRIC_INTERNAL">
    <annotation name="ohos.security.permission.PermissionLevel">
      <val name="availableScope" val="{ohos.security.permission.PermissionAvailableScope.SIGNATURE}" />
      <val name="grantMode" val="ohos.security.permission.PermissionGrantMode.SYSTEM_GRANT" />
    </annotation>
  </item>
  <item name="ohos.security.SystemPermission ACCESS_DISTRIBUTED_ABILITY">
    <annotation name="ohos.security.permission.PermissionLevel">
      <val name="availableScope" val="{ohos.security.permission.PermissionAvailableScope.ALL}" />
      <val name="grantMode" val="ohos.security.permission.PermissionGrantMode.USER_GRANT" />
    </annotation>
  </item>
  <item name="ohos.security.SystemPermission ACCESS_FM_AM">
    <annotation name="ohos.security.permission.PermissionLevel">
      <val name="availableScope" val="{ohos.security.permission.PermissionAvailableScope.ALL}" />
      <val name="grantMode" val="ohos.security.permission.PermissionGrantMode.SYSTEM_GRANT" />
    </annotation>
  </item>
  <item name="ohos.security.SystemPermission ACCESS_HW_ASSETSTORE_SERVICE">
    <annotation name="ohos.security.permission.PermissionLevel">
      <val name="availableScope" val="{ohos.security.permission.PermissionAvailableScope.ALL}" />
      <val name="grantMode" val="ohos.security.permission.PermissionGrantMode.SYSTEM_GRANT" />
    </annotation>
  </item>
  <item name="ohos.security.SystemPermission ACCESS_HW_KEYSTORE">
    <annotation name="ohos.security.permission.PermissionLevel">
      <val name="availableScope" val="{ohos.security.permission.PermissionAvailableScope.ALL}" />
      <val name="grantMode" val="ohos.security.permission.PermissionGrantMode.SYSTEM_GRANT" />
    </annotation>
  </item>
  <item name="ohos.security.SystemPermission ACCESS_MISSIONS">
    <annotation name="ohos.security.permission.PermissionLevel">
      <val name="availableScope" val="{ohos.security.permission.PermissionAvailableScope.SIGNATURE, ohos.security.permission.PermissionAvailableScope.PRIVILEGED}" />
      <val name="grantMode" val="ohos.security.permission.PermissionGrantMode.SYSTEM_GRANT" />
    </annotation>
  </item>
  <item name="ohos.security.SystemPermission ACCESS_MISSIONS_EXTRA">
    <annotation name="ohos.security.permission.PermissionLevel">
      <val name="availableScope" val="{ohos.security.permission.PermissionAvailableScope.SIGNATURE}" />
      <val name="grantMode" val="ohos.security.permission.PermissionGrantMode.SYSTEM_GRANT" />
    </annotation>
  </item>
  <item name="ohos.security.SystemPermission ACCESS_NOTIFICATION_POLICY">
    <annotation name="ohos.security.permission.PermissionLevel">
      <val name="availableScope" val="{ohos.security.permission.PermissionAvailableScope.ALL}" />
      <val name="grantMode" val="ohos.security.permission.PermissionGrantMode.SYSTEM_GRANT" />
    </annotation>
  </item>
  <item name="ohos.security.SystemPermission ACCESS_UDID">
    <annotation name="ohos.security.permission.PermissionLevel">
      <val name="availableScope" val="{ohos.security.permission.PermissionAvailableScope.SIGNATURE, ohos.security.permission.PermissionAvailableScope.PRIVILEGED}" />
      <val name="grantMode" val="ohos.security.permission.PermissionGrantMode.SYSTEM_GRANT" />
    </annotation>
  </item>
  <item name="ohos.security.SystemPermission ACTIVITY_MOTION">
    <annotation name="ohos.security.permission.PermissionLevel">
      <val name="availableScope" val="{ohos.security.permission.PermissionAvailableScope.ALL}" />
      <val name="grantMode" val="ohos.security.permission.PermissionGrantMode.USER_GRANT" />
    </annotation>
  </item>
  <item name="ohos.security.SystemPermission ANSWER_CALL">
    <annotation name="ohos.security.permission.PermissionLevel">
      <val name="availableScope" val="{ohos.security.permission.PermissionAvailableScope.SIGNATURE, ohos.security.permission.PermissionAvailableScope.PRIVILEGED, ohos.security.permission.PermissionAvailableScope.RESTRICTED}" />
      <val name="grantMode" val="ohos.security.permission.PermissionGrantMode.USER_GRANT" />
    </annotation>
  </item>
  <item name="ohos.security.SystemPermission BIND_DISTRIBUTED_DATA_SERVICE">
    <annotation name="ohos.security.permission.PermissionLevel">
      <val name="availableScope" val="{ohos.security.permission.PermissionAvailableScope.SIGNATURE, ohos.security.permission.PermissionAvailableScope.PRIVILEGED}" />
      <val name="grantMode" val="ohos.security.permission.PermissionGrantMode.SYSTEM_GRANT" />
    </annotation>
  </item>
  <item name="ohos.security.SystemPermission BUNDLE_ACTIVE_INFO">
    <annotation name="ohos.security.permission.PermissionLevel">
      <val name="availableScope" val="{ohos.security.permission.PermissionAvailableScope.SIGNATURE, ohos.security.permission.PermissionAvailableScope.PRIVILEGED}" />
      <val name="grantMode" val="ohos.security.permission.PermissionGrantMode.SYSTEM_GRANT" />
    </annotation>
  </item>
  <item name="ohos.security.SystemPermission CAMERA">
    <annotation name="ohos.security.permission.PermissionLevel">
      <val name="availableScope" val="{ohos.security.permission.PermissionAvailableScope.ALL}" />
      <val name="grantMode" val="ohos.security.permission.PermissionGrantMode.USER_GRANT" />
    </annotation>
  </item>
  <item name="ohos.security.SystemPermission CAPTURE_SCREEN">
    <annotation name="ohos.security.permission.PermissionLevel">
      <val name="availableScope" val="{ohos.security.permission.PermissionAvailableScope.SIGNATURE}" />
      <val name="grantMode" val="ohos.security.permission.PermissionGrantMode.SYSTEM_GRANT" />
    </annotation>
  </item>
  <item name="ohos.security.SystemPermission CHANGE_ABILITY_ENABLED_STATE">
    <annotation name="ohos.security.permission.PermissionLevel">
      <val name="availableScope" val="{ohos.security.permission.PermissionAvailableScope.SIGNATURE, ohos.security.permission.PermissionAvailableScope.PRIVILEGED}" />
      <val name="grantMode" val="ohos.security.permission.PermissionGrantMode.SYSTEM_GRANT" />
    </annotation>
  </item>
  <item name="ohos.security.SystemPermission CLEAN_BACKGROUND_PROCESSES">
    <annotation name="ohos.security.permission.PermissionLevel">
      <val name="availableScope" val="{ohos.security.permission.PermissionAvailableScope.ALL}" />
      <val name="grantMode" val="ohos.security.permission.PermissionGrantMode.SYSTEM_GRANT" />
    </annotation>
  </item>
  <item name="ohos.security.SystemPermission COMMONEVENT_STICKY">
    <annotation name="ohos.security.permission.PermissionLevel">
      <val name="availableScope" val="{ohos.security.permission.PermissionAvailableScope.ALL}" />
      <val name="grantMode" val="ohos.security.permission.PermissionGrantMode.SYSTEM_GRANT" />
    </annotation>
  </item>
  <item name="ohos.security.SystemPermission CONNECT_ACCESSIBILITY_ABILITY">
    <annotation name="ohos.security.permission.PermissionLevel">
      <val name="availableScope" val="{ohos.security.permission.PermissionAvailableScope.SIGNATURE}" />
      <val name="grantMode" val="ohos.security.permission.PermissionGrantMode.SYSTEM_GRANT" />
    </annotation>
  </item>
  <item name="ohos.security.SystemPermission CONNECT_IME_ABILITY">
    <annotation name="ohos.security.permission.PermissionLevel">
      <val name="availableScope" val="{ohos.security.permission.PermissionAvailableScope.SIGNATURE}" />
      <val name="grantMode" val="ohos.security.permission.PermissionGrantMode.SYSTEM_GRANT" />
    </annotation>
  </item>
  <item name="ohos.security.SystemPermission CONNECT_SCREEN_SAVER_ABILITY">
    <annotation name="ohos.security.permission.PermissionLevel">
      <val name="availableScope" val="{ohos.security.permission.PermissionAvailableScope.SIGNATURE}" />
      <val name="grantMode" val="ohos.security.permission.PermissionGrantMode.SYSTEM_GRANT" />
    </annotation>
  </item>
  <item name="ohos.security.SystemPermission CONNECT_WALLPAPER">
    <annotation name="ohos.security.permission.PermissionLevel">
      <val name="availableScope" val="{ohos.security.permission.PermissionAvailableScope.SIGNATURE, ohos.security.permission.PermissionAvailableScope.PRIVILEGED}" />
      <val name="grantMode" val="ohos.security.permission.PermissionGrantMode.SYSTEM_GRANT" />
    </annotation>
  </item>
  <item name="ohos.security.SystemPermission CONTROL_TASK_SYNC_ANIMATOR">
    <annotation name="ohos.security.permission.PermissionLevel">
      <val name="availableScope" val="{ohos.security.permission.PermissionAvailableScope.SIGNATURE, ohos.security.permission.PermissionAvailableScope.PRIVILEGED}" />
      <val name="grantMode" val="ohos.security.permission.PermissionGrantMode.SYSTEM_GRANT" />
    </annotation>
  </item>
  <item name="ohos.security.SystemPermission CONTROL_VEHICLE_HMI_INFO">
    <annotation name="ohos.security.permission.PermissionLevel">
      <val name="availableScope" val="{ohos.security.permission.PermissionAvailableScope.ALL}" />
      <val name="grantMode" val="ohos.security.permission.PermissionGrantMode.USER_GRANT" />
    </annotation>
  </item>
  <item name="ohos.security.SystemPermission DELETE_MISSIONS">
    <annotation name="ohos.security.permission.PermissionLevel">
      <val name="availableScope" val="{ohos.security.permission.PermissionAvailableScope.SIGNATURE}" />
      <val name="grantMode" val="ohos.security.permission.PermissionGrantMode.SYSTEM_GRANT" />
    </annotation>
  </item>
  <item name="ohos.security.SystemPermission DISCOVER_BLUETOOTH">
    <annotation name="ohos.security.permission.PermissionLevel">
      <val name="availableScope" val="{ohos.security.permission.PermissionAvailableScope.ALL}" />
      <val name="grantMode" val="ohos.security.permission.PermissionGrantMode.SYSTEM_GRANT" />
    </annotation>
  </item>
  <item name="ohos.security.SystemPermission DISTRIBUTED_DATA">
    <annotation name="ohos.security.permission.PermissionLevel">
      <val name="availableScope" val="{ohos.security.permission.PermissionAvailableScope.ALL}" />
      <val name="grantMode" val="ohos.security.permission.PermissionGrantMode.USER_GRANT" />
    </annotation>
  </item>
  <item name="ohos.security.SystemPermission DISTRIBUTED_DATASYNC">
    <annotation name="ohos.security.permission.PermissionLevel">
      <val name="availableScope" val="{ohos.security.permission.PermissionAvailableScope.ALL}" />
      <val name="grantMode" val="ohos.security.permission.PermissionGrantMode.USER_GRANT" />
    </annotation>
  </item>
  <item name="ohos.security.SystemPermission DISTRIBUTED_IOT_DATASYNC">
    <annotation name="ohos.security.permission.PermissionLevel">
      <val name="availableScope" val="{ohos.security.permission.PermissionAvailableScope.ALL}" />
      <val name="grantMode" val="ohos.security.permission.PermissionGrantMode.USER_GRANT" />
    </annotation>
  </item>
  <item name="ohos.security.SystemPermission DISTRIBUTED_VIRTUALDEVICE">
    <annotation name="ohos.security.permission.PermissionLevel">
      <val name="availableScope" val="{ohos.security.permission.PermissionAvailableScope.ALL}" />
      <val name="grantMode" val="ohos.security.permission.PermissionGrantMode.USER_GRANT" />
    </annotation>
  </item>
  <item name="ohos.security.SystemPermission DISTRIBUTE_SERVICE">
    <annotation name="ohos.security.permission.PermissionLevel">
      <val name="availableScope" val="{ohos.security.permission.PermissionAvailableScope.SIGNATURE, ohos.security.permission.PermissionAvailableScope.PRIVILEGED, ohos.security.permission.PermissionAvailableScope.RESTRICTED}" />
      <val name="grantMode" val="ohos.security.permission.PermissionGrantMode.SYSTEM_GRANT" />
    </annotation>
  </item>
  <item name="ohos.security.SystemPermission DOWNLOAD_SESSION_MANAGER">
    <annotation name="ohos.security.permission.PermissionLevel">
      <val name="availableScope" val="{ohos.security.permission.PermissionAvailableScope.SIGNATURE}" />
      <val name="grantMode" val="ohos.security.permission.PermissionGrantMode.SYSTEM_GRANT" />
    </annotation>
  </item>
  <item name="ohos.security.SystemPermission ENROLL_BIOMETRIC">
    <annotation name="ohos.security.permission.PermissionLevel">
      <val name="availableScope" val="{ohos.security.permission.PermissionAvailableScope.SIGNATURE}" />
      <val name="grantMode" val="ohos.security.permission.PermissionGrantMode.SYSTEM_GRANT" />
    </annotation>
  </item>
  <item name="ohos.security.SystemPermission FORMAT_USER_STORAGE">
    <annotation name="ohos.security.permission.PermissionLevel">
      <val name="availableScope" val="{ohos.security.permission.PermissionAvailableScope.SIGNATURE, ohos.security.permission.PermissionAvailableScope.PRIVILEGED}" />
      <val name="grantMode" val="ohos.security.permission.PermissionGrantMode.SYSTEM_GRANT" />
    </annotation>
  </item>
  <item name="ohos.security.SystemPermission GET_BUNDLE_INFO">
    <annotation name="ohos.security.permission.PermissionLevel">
      <val name="availableScope" val="{ohos.security.permission.PermissionAvailableScope.ALL}" />
      <val name="grantMode" val="ohos.security.permission.PermissionGrantMode.SYSTEM_GRANT" />
    </annotation>
  </item>
  <item name="ohos.security.SystemPermission GET_BUNDLE_INFO_PRIVILEGED">
    <annotation name="ohos.security.permission.PermissionLevel">
      <val name="availableScope" val="{ohos.security.permission.PermissionAvailableScope.SIGNATURE, ohos.security.permission.PermissionAvailableScope.PRIVILEGED}" />
      <val name="grantMode" val="ohos.security.permission.PermissionGrantMode.SYSTEM_GRANT" />
    </annotation>
  </item>
  <item name="ohos.security.SystemPermission GET_MPLINK_INFO">
    <annotation name="ohos.security.permission.PermissionLevel">
      <val name="availableScope" val="{ohos.security.permission.PermissionAvailableScope.SIGNATURE, ohos.security.permission.PermissionAvailableScope.PRIVILEGED}" />
      <val name="grantMode" val="ohos.security.permission.PermissionGrantMode.SYSTEM_GRANT" />
    </annotation>
  </item>
  <item name="ohos.security.SystemPermission GET_NETWORK_INFO">
    <annotation name="ohos.security.permission.PermissionLevel">
      <val name="availableScope" val="{ohos.security.permission.PermissionAvailableScope.ALL}" />
      <val name="grantMode" val="ohos.security.permission.PermissionGrantMode.SYSTEM_GRANT" />
    </annotation>
  </item>
  <item name="ohos.security.SystemPermission GET_SENSITIVE_PERMISSIONS">
    <annotation name="ohos.security.permission.PermissionLevel">
      <val name="availableScope" val="{ohos.security.permission.PermissionAvailableScope.SIGNATURE}" />
      <val name="grantMode" val="ohos.security.permission.PermissionGrantMode.SYSTEM_GRANT" />
    </annotation>
  </item>
  <item name="ohos.security.SystemPermission GET_TELEPHONY_STATE">
    <annotation name="ohos.security.permission.PermissionLevel">
      <val name="availableScope" val="{ohos.security.permission.PermissionAvailableScope.SIGNATURE, ohos.security.permission.PermissionAvailableScope.PRIVILEGED}" />
      <val name="grantMode" val="ohos.security.permission.PermissionGrantMode.SYSTEM_GRANT" />
    </annotation>
  </item>
  <item name="ohos.security.SystemPermission GET_WALLPAPER">
    <annotation name="ohos.security.permission.PermissionLevel">
      <val name="availableScope" val="{ohos.security.permission.PermissionAvailableScope.SIGNATURE, ohos.security.permission.PermissionAvailableScope.PRIVILEGED}" />
      <val name="grantMode" val="ohos.security.permission.PermissionGrantMode.SYSTEM_GRANT" />
    </annotation>
  </item>
  <item name="ohos.security.SystemPermission GET_WIFI_CONFIG">
    <annotation name="ohos.security.permission.PermissionLevel">
      <val name="availableScope" val="{ohos.security.permission.PermissionAvailableScope.SIGNATURE, ohos.security.permission.PermissionAvailableScope.PRIVILEGED}" />
      <val name="grantMode" val="ohos.security.permission.PermissionGrantMode.SYSTEM_GRANT" />
    </annotation>
  </item>
  <item name="ohos.security.SystemPermission GET_WIFI_INFO">
    <annotation name="ohos.security.permission.PermissionLevel">
      <val name="availableScope" val="{ohos.security.permission.PermissionAvailableScope.ALL}" />
      <val name="grantMode" val="ohos.security.permission.PermissionGrantMode.SYSTEM_GRANT" />
    </annotation>
  </item>
  <item name="ohos.security.SystemPermission GET_WIFI_LOCAL_MAC">
    <annotation name="ohos.security.permission.PermissionLevel">
      <val name="availableScope" val="{ohos.security.permission.PermissionAvailableScope.SIGNATURE, ohos.security.permission.PermissionAvailableScope.PRIVILEGED}" />
      <val name="grantMode" val="ohos.security.permission.PermissionGrantMode.SYSTEM_GRANT" />
    </annotation>
  </item>
  <item name="ohos.security.SystemPermission GET_WIFI_PEERS_MAC">
    <annotation name="ohos.security.permission.PermissionLevel">
      <val name="availableScope" val="{ohos.security.permission.PermissionAvailableScope.SIGNATURE}" />
      <val name="grantMode" val="ohos.security.permission.PermissionGrantMode.SYSTEM_GRANT" />
    </annotation>
  </item>
  <item name="ohos.security.SystemPermission GRANT_SENSITIVE_PERMISSIONS">
    <annotation name="ohos.security.permission.PermissionLevel">
      <val name="availableScope" val="{ohos.security.permission.PermissionAvailableScope.SIGNATURE}" />
      <val name="grantMode" val="ohos.security.permission.PermissionGrantMode.SYSTEM_GRANT" />
    </annotation>
  </item>
  <item name="ohos.security.SystemPermission GYROSCOPE">
    <annotation name="ohos.security.permission.PermissionLevel">
      <val name="availableScope" val="{ohos.security.permission.PermissionAvailableScope.ALL}" />
      <val name="grantMode" val="ohos.security.permission.PermissionGrantMode.SYSTEM_GRANT" />
    </annotation>
  </item>
  <item name="ohos.security.SystemPermission INPUT_MONITORING">
    <annotation name="ohos.security.permission.PermissionLevel">
      <val name="availableScope" val="{ohos.security.permission.PermissionAvailableScope.SIGNATURE}" />
      <val name="grantMode" val="ohos.security.permission.PermissionGrantMode.SYSTEM_GRANT" />
    </annotation>
  </item>
  <item name="ohos.security.SystemPermission INSTALL_BUNDLE">
    <annotation name="ohos.security.permission.PermissionLevel">
      <val name="availableScope" val="{ohos.security.permission.PermissionAvailableScope.SIGNATURE}" />
      <val name="grantMode" val="ohos.security.permission.PermissionGrantMode.SYSTEM_GRANT" />
    </annotation>
  </item>
  <item name="ohos.security.SystemPermission INTERACT_ACROSS_LOCAL_ACCOUNTS">
    <annotation name="ohos.security.permission.PermissionLevel">
      <val name="availableScope" val="{ohos.security.permission.PermissionAvailableScope.SIGNATURE, ohos.security.permission.PermissionAvailableScope.PRIVILEGED}" />
      <val name="grantMode" val="ohos.security.permission.PermissionGrantMode.SYSTEM_GRANT" />
    </annotation>
  </item>
  <item name="ohos.security.SystemPermission INTERACT_ACROSS_LOCAL_ACCOUNTS_EXTENSION">
    <annotation name="ohos.security.permission.PermissionLevel">
      <val name="availableScope" val="{ohos.security.permission.PermissionAvailableScope.SIGNATURE}" />
      <val name="grantMode" val="ohos.security.permission.PermissionGrantMode.SYSTEM_GRANT" />
    </annotation>
  </item>
  <item name="ohos.security.SystemPermission INTERNET">
    <annotation name="ohos.security.permission.PermissionLevel">
      <val name="availableScope" val="{ohos.security.permission.PermissionAvailableScope.ALL}" />
      <val name="grantMode" val="ohos.security.permission.PermissionGrantMode.SYSTEM_GRANT" />
    </annotation>
  </item>
  <item name="ohos.security.SystemPermission KEEP_BACKGROUND_RUNNING">
    <annotation name="ohos.security.permission.PermissionLevel">
      <val name="availableScope" val="{ohos.security.permission.PermissionAvailableScope.ALL}" />
      <val name="grantMode" val="ohos.security.permission.PermissionGrantMode.SYSTEM_GRANT" />
    </annotation>
  </item>
  <item name="ohos.security.SystemPermission LAUNCH_DATA_PRIVACY_CENTER">
    <annotation name="ohos.security.permission.PermissionLevel">
      <val name="availableScope" val="{ohos.security.permission.PermissionAvailableScope.SIGNATURE, ohos.security.permission.PermissionAvailableScope.PRIVILEGED}" />
      <val name="grantMode" val="ohos.security.permission.PermissionGrantMode.SYSTEM_GRANT" />
    </annotation>
  </item>
  <item name="ohos.security.SystemPermission LISTEN_BUNDLE_CHANGE">
    <annotation name="ohos.security.permission.PermissionLevel">
      <val name="availableScope" val="{ohos.security.permission.PermissionAvailableScope.SIGNATURE, ohos.security.permission.PermissionAvailableScope.PRIVILEGED}" />
      <val name="grantMode" val="ohos.security.permission.PermissionGrantMode.SYSTEM_GRANT" />
    </annotation>
  </item>
  <item name="ohos.security.SystemPermission LISTEN_PERMISSIONS_CHANGE">
    <annotation name="ohos.security.permission.PermissionLevel">
      <val name="availableScope" val="{ohos.security.permission.PermissionAvailableScope.SIGNATURE, ohos.security.permission.PermissionAvailableScope.PRIVILEGED}" />
      <val name="grantMode" val="ohos.security.permission.PermissionGrantMode.SYSTEM_GRANT" />
    </annotation>
  </item>
  <item name="ohos.security.SystemPermission LISTEN_PERMISSION_CHANGE">
    <annotation name="ohos.security.permission.PermissionLevel">
      <val name="availableScope" val="{ohos.security.permission.PermissionAvailableScope.SIGNATURE, ohos.security.permission.PermissionAvailableScope.PRIVILEGED}" />
      <val name="grantMode" val="ohos.security.permission.PermissionGrantMode.SYSTEM_GRANT" />
    </annotation>
  </item>
  <item name="ohos.security.SystemPermission LOCATION">
    <annotation name="ohos.security.permission.PermissionLevel">
      <val name="availableScope" val="{ohos.security.permission.PermissionAvailableScope.ALL}" />
      <val name="grantMode" val="ohos.security.permission.PermissionGrantMode.USER_GRANT" />
    </annotation>
  </item>
  <item name="ohos.security.SystemPermission LOCATION_IN_BACKGROUND">
    <annotation name="ohos.security.permission.PermissionLevel">
      <val name="availableScope" val="{ohos.security.permission.PermissionAvailableScope.ALL}" />
      <val name="grantMode" val="ohos.security.permission.PermissionGrantMode.USER_GRANT" />
    </annotation>
  </item>
  <item name="ohos.security.SystemPermission MANAGE_APP_POLICY">
    <annotation name="ohos.security.permission.PermissionLevel">
      <val name="availableScope" val="{ohos.security.permission.PermissionAvailableScope.SIGNATURE}" />
      <val name="grantMode" val="ohos.security.permission.PermissionGrantMode.SYSTEM_GRANT" />
    </annotation>
  </item>
  <item name="ohos.security.SystemPermission MANAGE_BLUETOOTH">
    <annotation name="ohos.security.permission.PermissionLevel">
      <val name="availableScope" val="{ohos.security.permission.PermissionAvailableScope.SIGNATURE, ohos.security.permission.PermissionAvailableScope.PRIVILEGED}" />
      <val name="grantMode" val="ohos.security.permission.PermissionGrantMode.SYSTEM_GRANT" />
    </annotation>
  </item>
  <item name="ohos.security.SystemPermission MANAGE_DISTRIBUTED_PERMISSION">
    <annotation name="ohos.security.permission.PermissionLevel">
      <val name="availableScope" val="{ohos.security.permission.PermissionAvailableScope.SIGNATURE}" />
      <val name="grantMode" val="ohos.security.permission.PermissionGrantMode.SYSTEM_GRANT" />
    </annotation>
  </item>
  <item name="ohos.security.SystemPermission MANAGE_ENHANCER_WIFI">
    <annotation name="ohos.security.permission.PermissionLevel">
      <val name="availableScope" val="{ohos.security.permission.PermissionAvailableScope.SIGNATURE}" />
      <val name="grantMode" val="ohos.security.permission.PermissionGrantMode.SYSTEM_GRANT" />
    </annotation>
  </item>
  <item name="ohos.security.SystemPermission MANAGE_LOCAL_ACCOUNTS">
    <annotation name="ohos.security.permission.PermissionLevel">
      <val name="availableScope" val="{ohos.security.permission.PermissionAvailableScope.SIGNATURE, ohos.security.permission.PermissionAvailableScope.PRIVILEGED}" />
      <val name="grantMode" val="ohos.security.permission.PermissionGrantMode.SYSTEM_GRANT" />
    </annotation>
  </item>
  <item name="ohos.security.SystemPermission MANAGE_MEDIA_RESOURCES">
    <annotation name="ohos.security.permission.PermissionLevel">
      <val name="availableScope" val="{ohos.security.permission.PermissionAvailableScope.SIGNATURE, ohos.security.permission.PermissionAvailableScope.PRIVILEGED}" />
      <val name="grantMode" val="ohos.security.permission.PermissionGrantMode.SYSTEM_GRANT" />
    </annotation>
  </item>
  <item name="ohos.security.SystemPermission MANAGE_MISSIONS">
    <annotation name="ohos.security.permission.PermissionLevel">
      <val name="availableScope" val="{ohos.security.permission.PermissionAvailableScope.SIGNATURE}" />
      <val name="grantMode" val="ohos.security.permission.PermissionGrantMode.SYSTEM_GRANT" />
    </annotation>
  </item>
  <item name="ohos.security.SystemPermission MANAGE_SECURE_SETTINGS">
    <annotation name="ohos.security.permission.PermissionLevel">
      <val name="availableScope" val="{ohos.security.permission.PermissionAvailableScope.SIGNATURE, ohos.security.permission.PermissionAvailableScope.PRIVILEGED}" />
      <val name="grantMode" val="ohos.security.permission.PermissionGrantMode.SYSTEM_GRANT" />
    </annotation>
  </item>
  <item name="ohos.security.SystemPermission MANAGE_SHORTCUTS">
    <annotation name="ohos.security.permission.PermissionLevel">
      <val name="availableScope" val="{ohos.security.permission.PermissionAvailableScope.SIGNATURE}" />
      <val name="grantMode" val="ohos.security.permission.PermissionGrantMode.SYSTEM_GRANT" />
    </annotation>
  </item>
  <item name="ohos.security.SystemPermission MANAGE_USER_STORAGE">
    <annotation name="ohos.security.permission.PermissionLevel">
      <val name="availableScope" val="{ohos.security.permission.PermissionAvailableScope.SIGNATURE, ohos.security.permission.PermissionAvailableScope.PRIVILEGED}" />
      <val name="grantMode" val="ohos.security.permission.PermissionGrantMode.SYSTEM_GRANT" />
    </annotation>
  </item>
  <item name="ohos.security.SystemPermission MANAGE_VOICEMAIL">
    <annotation name="ohos.security.permission.PermissionLevel">
      <val name="availableScope" val="{ohos.security.permission.PermissionAvailableScope.SIGNATURE, ohos.security.permission.PermissionAvailableScope.PRIVILEGED}" />
      <val name="grantMode" val="ohos.security.permission.PermissionGrantMode.USER_GRANT" />
    </annotation>
  </item>
  <item name="ohos.security.SystemPermission MANAGE_WIFI_CONNECTION">
    <annotation name="ohos.security.permission.PermissionLevel">
      <val name="availableScope" val="{ohos.security.permission.PermissionAvailableScope.SIGNATURE}" />
      <val name="grantMode" val="ohos.security.permission.PermissionGrantMode.SYSTEM_GRANT" />
    </annotation>
  </item>
  <item name="ohos.security.SystemPermission MANAGE_WIFI_HOTSPOT">
    <annotation name="ohos.security.permission.PermissionLevel">
      <val name="availableScope" val="{ohos.security.permission.PermissionAvailableScope.SIGNATURE}" />
      <val name="grantMode" val="ohos.security.permission.PermissionGrantMode.SYSTEM_GRANT" />
    </annotation>
  </item>
  <item name="ohos.security.SystemPermission MEDIA_LOCATION">
    <annotation name="ohos.security.permission.PermissionLevel">
      <val name="availableScope" val="{ohos.security.permission.PermissionAvailableScope.ALL}" />
      <val name="grantMode" val="ohos.security.permission.PermissionGrantMode.USER_GRANT" />
    </annotation>
  </item>
  <item name="ohos.security.SystemPermission MICROPHONE">
    <annotation name="ohos.security.permission.PermissionLevel">
      <val name="availableScope" val="{ohos.security.permission.PermissionAvailableScope.ALL}" />
      <val name="grantMode" val="ohos.security.permission.PermissionGrantMode.USER_GRANT" />
    </annotation>
  </item>
  <item name="ohos.security.SystemPermission MODIFY_AUDIO_SETTINGS">
    <annotation name="ohos.security.permission.PermissionLevel">
      <val name="availableScope" val="{ohos.security.permission.PermissionAvailableScope.ALL}" />
      <val name="grantMode" val="ohos.security.permission.PermissionGrantMode.SYSTEM_GRANT" />
    </annotation>
  </item>
  <item name="ohos.security.SystemPermission MODIFY_SETTINGS">
    <annotation name="ohos.security.permission.PermissionLevel">
      <val name="availableScope" val="{ohos.security.permission.PermissionAvailableScope.SIGNATURE, ohos.security.permission.PermissionAvailableScope.PRIVILEGED}" />
      <val name="grantMode" val="ohos.security.permission.PermissionGrantMode.SYSTEM_GRANT" />
    </annotation>
  </item>
  <item name="ohos.security.SystemPermission MULTIMODAL_INPUT_ABILITY">
    <annotation name="ohos.security.permission.PermissionLevel">
      <val name="availableScope" val="{ohos.security.permission.PermissionAvailableScope.SIGNATURE}" />
      <val name="grantMode" val="ohos.security.permission.PermissionGrantMode.SYSTEM_GRANT" />
    </annotation>
  </item>
  <item name="ohos.security.SystemPermission MULTIMODAL_INTERACTIVE">
    <annotation name="ohos.security.permission.PermissionLevel">
      <val name="availableScope" val="{ohos.security.permission.PermissionAvailableScope.ALL}" />
      <val name="grantMode" val="ohos.security.permission.PermissionGrantMode.SYSTEM_GRANT" />
    </annotation>
  </item>
  <item name="ohos.security.SystemPermission NFC_CARD_EMULATION">
    <annotation name="ohos.security.permission.PermissionLevel">
      <val name="availableScope" val="{ohos.security.permission.PermissionAvailableScope.ALL}" />
      <val name="grantMode" val="ohos.security.permission.PermissionGrantMode.SYSTEM_GRANT" />
    </annotation>
  </item>
  <item name="ohos.security.SystemPermission NFC_TAG">
    <annotation name="ohos.security.permission.PermissionLevel">
      <val name="availableScope" val="{ohos.security.permission.PermissionAvailableScope.ALL}" />
      <val name="grantMode" val="ohos.security.permission.PermissionGrantMode.SYSTEM_GRANT" />
    </annotation>
  </item>
  <item name="ohos.security.SystemPermission NOTIFY_PERMISSION_CHANGE">
    <annotation name="ohos.security.permission.PermissionLevel">
      <val name="availableScope" val="{ohos.security.permission.PermissionAvailableScope.SIGNATURE}" />
      <val name="grantMode" val="ohos.security.permission.PermissionGrantMode.SYSTEM_GRANT" />
    </annotation>
  </item>
  <item name="ohos.security.SystemPermission PARENTCONTROL_HOME">
    <annotation name="ohos.security.permission.PermissionLevel">
      <val name="availableScope" val="{ohos.security.permission.PermissionAvailableScope.SIGNATURE, ohos.security.permission.PermissionAvailableScope.PRIVILEGED}" />
      <val name="grantMode" val="ohos.security.permission.PermissionGrantMode.SYSTEM_GRANT" />
    </annotation>
  </item>
  <item name="ohos.security.SystemPermission PARENTCONTROL_PROVIDER">
    <annotation name="ohos.security.permission.PermissionLevel">
      <val name="availableScope" val="{ohos.security.permission.PermissionAvailableScope.SIGNATURE, ohos.security.permission.PermissionAvailableScope.PRIVILEGED}" />
      <val name="grantMode" val="ohos.security.permission.PermissionGrantMode.SYSTEM_GRANT" />
    </annotation>
  </item>
  <item name="ohos.security.SystemPermission PARENTCONTROL_USAGESTATS_READ">
    <annotation name="ohos.security.permission.PermissionLevel">
      <val name="availableScope" val="{ohos.security.permission.PermissionAvailableScope.SIGNATURE, ohos.security.permission.PermissionAvailableScope.PRIVILEGED}" />
      <val name="grantMode" val="ohos.security.permission.PermissionGrantMode.SYSTEM_GRANT" />
    </annotation>
  </item>
  <item name="ohos.security.SystemPermission PERMISSION_USED_STATS">
    <annotation name="ohos.security.permission.PermissionLevel">
      <val name="availableScope" val="{ohos.security.permission.PermissionAvailableScope.SIGNATURE}" />
      <val name="grantMode" val="ohos.security.permission.PermissionGrantMode.SYSTEM_GRANT" />
    </annotation>
  </item>
  <item name="ohos.security.SystemPermission PERMISSION_USING_REMIND">
    <annotation name="ohos.security.permission.PermissionLevel">
      <val name="availableScope" val="{ohos.security.permission.PermissionAvailableScope.SIGNATURE}" />
      <val name="grantMode" val="ohos.security.permission.PermissionGrantMode.SYSTEM_GRANT" />
    </annotation>
  </item>
  <item name="ohos.security.SystemPermission PLACE_CALL">
    <annotation name="ohos.security.permission.PermissionLevel">
      <val name="availableScope" val="{ohos.security.permission.PermissionAvailableScope.SIGNATURE, ohos.security.permission.PermissionAvailableScope.PRIVILEGED}" />
      <val name="grantMode" val="ohos.security.permission.PermissionGrantMode.SYSTEM_GRANT" />
    </annotation>
  </item>
  <item name="ohos.security.SystemPermission POWER_MANAGER">
    <annotation name="ohos.security.permission.PermissionLevel">
      <val name="availableScope" val="{ohos.security.permission.PermissionAvailableScope.SIGNATURE}" />
      <val name="grantMode" val="ohos.security.permission.PermissionGrantMode.SYSTEM_GRANT" />
    </annotation>
  </item>
  <item name="ohos.security.SystemPermission POWER_OPTIMIZATION">
    <annotation name="ohos.security.permission.PermissionLevel">
      <val name="availableScope" val="{ohos.security.permission.PermissionAvailableScope.SIGNATURE, ohos.security.permission.PermissionAvailableScope.PRIVILEGED}" />
      <val name="grantMode" val="ohos.security.permission.PermissionGrantMode.SYSTEM_GRANT" />
    </annotation>
  </item>
  <item name="ohos.security.SystemPermission PREVENT_IMMEDIATE_LAUNCH">
    <annotation name="ohos.security.permission.PermissionLevel">
      <val name="availableScope" val="{ohos.security.permission.PermissionAvailableScope.SIGNATURE, ohos.security.permission.PermissionAvailableScope.PRIVILEGED}" />
      <val name="grantMode" val="ohos.security.permission.PermissionGrantMode.SYSTEM_GRANT" />
    </annotation>
  </item>
  <item name="ohos.security.SystemPermission PUBLISH_AGENT_REMINDER">
    <annotation name="ohos.security.permission.PermissionLevel">
      <val name="availableScope" val="{ohos.security.permission.PermissionAvailableScope.ALL}" />
      <val name="grantMode" val="ohos.security.permission.PermissionGrantMode.SYSTEM_GRANT" />
    </annotation>
  </item>
  <item name="ohos.security.SystemPermission RCV_NFC_TRANSACTION_EVENT">
    <annotation name="ohos.security.permission.PermissionLevel">
      <val name="availableScope" val="{ohos.security.permission.PermissionAvailableScope.ALL}" />
      <val name="grantMode" val="ohos.security.permission.PermissionGrantMode.SYSTEM_GRANT" />
    </annotation>
  </item>
  <item name="ohos.security.SystemPermission READ_CALENDAR">
    <annotation name="ohos.security.permission.PermissionLevel">
      <val name="availableScope" val="{ohos.security.permission.PermissionAvailableScope.ALL}" />
      <val name="grantMode" val="ohos.security.permission.PermissionGrantMode.USER_GRANT" />
    </annotation>
  </item>
  <item name="ohos.security.SystemPermission READ_CALL_LOG">
    <annotation name="ohos.security.permission.PermissionLevel">
      <val name="availableScope" val="{ohos.security.permission.PermissionAvailableScope.SIGNATURE, ohos.security.permission.PermissionAvailableScope.PRIVILEGED, ohos.security.permission.PermissionAvailableScope.RESTRICTED}" />
      <val name="grantMode" val="ohos.security.permission.PermissionGrantMode.USER_GRANT" />
    </annotation>
  </item>
  <item name="ohos.security.SystemPermission READ_CELL_MESSAGES">
    <annotation name="ohos.security.permission.PermissionLevel">
      <val name="availableScope" val="{ohos.security.permission.PermissionAvailableScope.SIGNATURE, ohos.security.permission.PermissionAvailableScope.PRIVILEGED, ohos.security.permission.PermissionAvailableScope.RESTRICTED}" />
      <val name="grantMode" val="ohos.security.permission.PermissionGrantMode.USER_GRANT" />
    </annotation>
  </item>
  <item name="ohos.security.SystemPermission READ_CONTACTS">
    <annotation name="ohos.security.permission.PermissionLevel">
      <val name="availableScope" val="{ohos.security.permission.PermissionAvailableScope.SIGNATURE, ohos.security.permission.PermissionAvailableScope.PRIVILEGED, ohos.security.permission.PermissionAvailableScope.RESTRICTED}" />
      <val name="grantMode" val="ohos.security.permission.PermissionGrantMode.USER_GRANT" />
    </annotation>
  </item>
  <item name="ohos.security.SystemPermission READ_HEALTH_DATA">
    <annotation name="ohos.security.permission.PermissionLevel">
      <val name="availableScope" val="{ohos.security.permission.PermissionAvailableScope.ALL}" />
      <val name="grantMode" val="ohos.security.permission.PermissionGrantMode.USER_GRANT" />
    </annotation>
  </item>
  <item name="ohos.security.SystemPermission READ_MEDIA">
    <annotation name="ohos.security.permission.PermissionLevel">
      <val name="availableScope" val="{ohos.security.permission.PermissionAvailableScope.ALL}" />
      <val name="grantMode" val="ohos.security.permission.PermissionGrantMode.USER_GRANT" />
    </annotation>
  </item>
  <item name="ohos.security.SystemPermission READ_MESSAGES">
    <annotation name="ohos.security.permission.PermissionLevel">
      <val name="availableScope" val="{ohos.security.permission.PermissionAvailableScope.SIGNATURE, ohos.security.permission.PermissionAvailableScope.PRIVILEGED, ohos.security.permission.PermissionAvailableScope.RESTRICTED}" />
      <val name="grantMode" val="ohos.security.permission.PermissionGrantMode.USER_GRANT" />
    </annotation>
  </item>
  <item name="ohos.security.SystemPermission READ_SCREEN_SAVER">
    <annotation name="ohos.security.permission.PermissionLevel">
      <val name="availableScope" val="{ohos.security.permission.PermissionAvailableScope.SIGNATURE, ohos.security.permission.PermissionAvailableScope.PRIVILEGED}" />
      <val name="grantMode" val="ohos.security.permission.PermissionGrantMode.SYSTEM_GRANT" />
    </annotation>
  </item>
  <item name="ohos.security.SystemPermission READ_USER_STORAGE">
    <annotation name="ohos.security.permission.PermissionLevel">
      <val name="availableScope" val="{ohos.security.permission.PermissionAvailableScope.SIGNATURE, ohos.security.permission.PermissionAvailableScope.PRIVILEGED}" />
      <val name="grantMode" val="ohos.security.permission.PermissionGrantMode.USER_GRANT" />
    </annotation>
  </item>
  <item name="ohos.security.SystemPermission READ_VEHICLE_CHASSIS_INFO">
    <annotation name="ohos.security.permission.PermissionLevel">
      <val name="availableScope" val="{ohos.security.permission.PermissionAvailableScope.SIGNATURE}" />
      <val name="grantMode" val="ohos.security.permission.PermissionGrantMode.SYSTEM_GRANT" />
    </annotation>
  </item>
  <item name="ohos.security.SystemPermission READ_VEHICLE_EXTERIOR_ENVIRONMENT">
    <annotation name="ohos.security.permission.PermissionLevel">
      <val name="availableScope" val="{ohos.security.permission.PermissionAvailableScope.ALL}" />
      <val name="grantMode" val="ohos.security.permission.PermissionGrantMode.SYSTEM_GRANT" />
    </annotation>
  </item>
  <item name="ohos.security.SystemPermission READ_VEHICLE_FUEL_INFO">
    <annotation name="ohos.security.permission.PermissionLevel">
      <val name="availableScope" val="{ohos.security.permission.PermissionAvailableScope.ALL}" />
      <val name="grantMode" val="ohos.security.permission.PermissionGrantMode.SYSTEM_GRANT" />
    </annotation>
  </item>
  <item name="ohos.security.SystemPermission READ_VEHICLE_HMI_INFO">
    <annotation name="ohos.security.permission.PermissionLevel">
      <val name="availableScope" val="{ohos.security.permission.PermissionAvailableScope.ALL}" />
      <val name="grantMode" val="ohos.security.permission.PermissionGrantMode.SYSTEM_GRANT" />
    </annotation>
  </item>
  <item name="ohos.security.SystemPermission READ_VEHICLE_IDENTIFICATION">
    <annotation name="ohos.security.permission.PermissionLevel">
      <val name="availableScope" val="{ohos.security.permission.PermissionAvailableScope.SIGNATURE}" />
      <val name="grantMode" val="ohos.security.permission.PermissionGrantMode.SYSTEM_GRANT" />
    </annotation>
  </item>
  <item name="ohos.security.SystemPermission READ_VEHICLE_SPEED_INFO">
    <annotation name="ohos.security.permission.PermissionLevel">
      <val name="availableScope" val="{ohos.security.permission.PermissionAvailableScope.SIGNATURE}" />
      <val name="grantMode" val="ohos.security.permission.PermissionGrantMode.SYSTEM_GRANT" />
    </annotation>
  </item>
  <item name="ohos.security.SystemPermission READ_VEHICLE_STEERING_WHEEL">
    <annotation name="ohos.security.permission.PermissionLevel">
      <val name="availableScope" val="{ohos.security.permission.PermissionAvailableScope.SIGNATURE}" />
      <val name="grantMode" val="ohos.security.permission.PermissionGrantMode.SYSTEM_GRANT" />
    </annotation>
  </item>
  <item name="ohos.security.SystemPermission READ_VEHICLE_TRANSMISSION_INFO">
    <annotation name="ohos.security.permission.PermissionLevel">
      <val name="availableScope" val="{ohos.security.permission.PermissionAvailableScope.SIGNATURE}" />
      <val name="grantMode" val="ohos.security.permission.PermissionGrantMode.SYSTEM_GRANT" />
    </annotation>
  </item>
  <item name="ohos.security.SystemPermission REARRANGE_MISSIONS">
    <annotation name="ohos.security.permission.PermissionLevel">
      <val name="availableScope" val="{ohos.security.permission.PermissionAvailableScope.ALL}" />
      <val name="grantMode" val="ohos.security.permission.PermissionGrantMode.SYSTEM_GRANT" />
    </annotation>
  </item>
  <item name="ohos.security.SystemPermission REBOOT">
    <annotation name="ohos.security.permission.PermissionLevel">
      <val name="availableScope" val="{ohos.security.permission.PermissionAvailableScope.SIGNATURE}" />
      <val name="grantMode" val="ohos.security.permission.PermissionGrantMode.SYSTEM_GRANT" />
    </annotation>
  </item>
  <item name="ohos.security.SystemPermission REBOOT_RECOVERY">
    <annotation name="ohos.security.permission.PermissionLevel">
      <val name="availableScope" val="{ohos.security.permission.PermissionAvailableScope.SIGNATURE, ohos.security.permission.PermissionAvailableScope.PRIVILEGED}" />
      <val name="grantMode" val="ohos.security.permission.PermissionGrantMode.SYSTEM_GRANT" />
    </annotation>
  </item>
  <item name="ohos.security.SystemPermission RECEIVER_STARTUP_COMPLETED">
    <annotation name="ohos.security.permission.PermissionLevel">
      <val name="availableScope" val="{ohos.security.permission.PermissionAvailableScope.ALL}" />
      <val name="grantMode" val="ohos.security.permission.PermissionGrantMode.SYSTEM_GRANT" />
    </annotation>
  </item>
  <item name="ohos.security.SystemPermission RECEIVE_MMS">
    <annotation name="ohos.security.permission.PermissionLevel">
      <val name="availableScope" val="{ohos.security.permission.PermissionAvailableScope.SIGNATURE, ohos.security.permission.PermissionAvailableScope.PRIVILEGED, ohos.security.permission.PermissionAvailableScope.RESTRICTED}" />
      <val name="grantMode" val="ohos.security.permission.PermissionGrantMode.USER_GRANT" />
    </annotation>
  </item>
  <item name="ohos.security.SystemPermission RECEIVE_SMS">
    <annotation name="ohos.security.permission.PermissionLevel">
      <val name="availableScope" val="{ohos.security.permission.PermissionAvailableScope.SIGNATURE, ohos.security.permission.PermissionAvailableScope.PRIVILEGED, ohos.security.permission.PermissionAvailableScope.RESTRICTED}" />
      <val name="grantMode" val="ohos.security.permission.PermissionGrantMode.USER_GRANT" />
    </annotation>
  </item>
  <item name="ohos.security.SystemPermission RECEIVE_WAP_MESSAGES">
    <annotation name="ohos.security.permission.PermissionLevel">
      <val name="availableScope" val="{ohos.security.permission.PermissionAvailableScope.SIGNATURE, ohos.security.permission.PermissionAvailableScope.PRIVILEGED, ohos.security.permission.PermissionAvailableScope.RESTRICTED}" />
      <val name="grantMode" val="ohos.security.permission.PermissionGrantMode.USER_GRANT" />
    </annotation>
  </item>
  <item name="ohos.security.SystemPermission REFRESH_USER_ACTION">
    <annotation name="ohos.security.permission.PermissionLevel">
      <val name="availableScope" val="{ohos.security.permission.PermissionAvailableScope.SIGNATURE, ohos.security.permission.PermissionAvailableScope.PRIVILEGED}" />
      <val name="grantMode" val="ohos.security.permission.PermissionGrantMode.SYSTEM_GRANT" />
    </annotation>
  </item>
  <item name="ohos.security.SystemPermission REMOVE_CACHE_FILES">
    <annotation name="ohos.security.permission.PermissionLevel">
      <val name="availableScope" val="{ohos.security.permission.PermissionAvailableScope.SIGNATURE, ohos.security.permission.PermissionAvailableScope.PRIVILEGED}" />
      <val name="grantMode" val="ohos.security.permission.PermissionGrantMode.SYSTEM_GRANT" />
    </annotation>
  </item>
  <item name="ohos.security.SystemPermission REQUIRE_FORM">
    <annotation name="ohos.security.permission.PermissionLevel">
      <val name="availableScope" val="{ohos.security.permission.PermissionAvailableScope.SIGNATURE, ohos.security.permission.PermissionAvailableScope.PRIVILEGED}" />
      <val name="grantMode" val="ohos.security.permission.PermissionGrantMode.SYSTEM_GRANT" />
    </annotation>
  </item>
  <item name="ohos.security.SystemPermission RESET_BIOMETRIC_LOCKOUT">
    <annotation name="ohos.security.permission.PermissionLevel">
      <val name="availableScope" val="{ohos.security.permission.PermissionAvailableScope.SIGNATURE}" />
      <val name="grantMode" val="ohos.security.permission.PermissionGrantMode.SYSTEM_GRANT" />
    </annotation>
  </item>
  <item name="ohos.security.SystemPermission REVOKE_SENSITIVE_PERMISSIONS">
    <annotation name="ohos.security.permission.PermissionLevel">
      <val name="availableScope" val="{ohos.security.permission.PermissionAvailableScope.SIGNATURE}" />
      <val name="grantMode" val="ohos.security.permission.PermissionGrantMode.SYSTEM_GRANT" />
    </annotation>
  </item>
  <item name="ohos.security.SystemPermission RUNNING_LOCK">
    <annotation name="ohos.security.permission.PermissionLevel">
      <val name="availableScope" val="{ohos.security.permission.PermissionAvailableScope.ALL}" />
      <val name="grantMode" val="ohos.security.permission.PermissionGrantMode.SYSTEM_GRANT" />
    </annotation>
  </item>
  <item name="ohos.security.SystemPermission SEND_MESSAGES">
    <annotation name="ohos.security.permission.PermissionLevel">
      <val name="availableScope" val="{ohos.security.permission.PermissionAvailableScope.SIGNATURE, ohos.security.permission.PermissionAvailableScope.PRIVILEGED, ohos.security.permission.PermissionAvailableScope.RESTRICTED}" />
      <val name="grantMode" val="ohos.security.permission.PermissionGrantMode.USER_GRANT" />
    </annotation>
  </item>
  <item name="ohos.security.SystemPermission SET_LIVEWALLPAPER">
    <annotation name="ohos.security.permission.PermissionLevel">
      <val name="availableScope" val="{ohos.security.permission.PermissionAvailableScope.SIGNATURE, ohos.security.permission.PermissionAvailableScope.PRIVILEGED}" />
      <val name="grantMode" val="ohos.security.permission.PermissionGrantMode.SYSTEM_GRANT" />
    </annotation>
  </item>
  <item name="ohos.security.SystemPermission SET_NETWORK_INFO">
    <annotation name="ohos.security.permission.PermissionLevel">
      <val name="availableScope" val="{ohos.security.permission.PermissionAvailableScope.ALL}" />
      <val name="grantMode" val="ohos.security.permission.PermissionGrantMode.SYSTEM_GRANT" />
    </annotation>
  </item>
  <item name="ohos.security.SystemPermission SET_TELEPHONY_STATE">
    <annotation name="ohos.security.permission.PermissionLevel">
      <val name="availableScope" val="{ohos.security.permission.PermissionAvailableScope.SIGNATURE, ohos.security.permission.PermissionAvailableScope.PRIVILEGED}" />
      <val name="grantMode" val="ohos.security.permission.PermissionGrantMode.SYSTEM_GRANT" />
    </annotation>
  </item>
  <item name="ohos.security.SystemPermission SET_TIME">
    <annotation name="ohos.security.permission.PermissionLevel">
      <val name="availableScope" val="{ohos.security.permission.PermissionAvailableScope.SIGNATURE, ohos.security.permission.PermissionAvailableScope.PRIVILEGED}" />
      <val name="grantMode" val="ohos.security.permission.PermissionGrantMode.SYSTEM_GRANT" />
    </annotation>
  </item>
  <item name="ohos.security.SystemPermission SET_TIME_ZONE">
    <annotation name="ohos.security.permission.PermissionLevel">
      <val name="availableScope" val="{ohos.security.permission.PermissionAvailableScope.SIGNATURE, ohos.security.permission.PermissionAvailableScope.PRIVILEGED}" />
      <val name="grantMode" val="ohos.security.permission.PermissionGrantMode.SYSTEM_GRANT" />
    </annotation>
  </item>
  <item name="ohos.security.SystemPermission SET_WALLPAPER">
    <annotation name="ohos.security.permission.PermissionLevel">
      <val name="availableScope" val="{ohos.security.permission.PermissionAvailableScope.ALL}" />
      <val name="grantMode" val="ohos.security.permission.PermissionGrantMode.SYSTEM_GRANT" />
    </annotation>
  </item>
  <item name="ohos.security.SystemPermission SET_WALLPAPER_DIMENSION">
    <annotation name="ohos.security.permission.PermissionLevel">
      <val name="availableScope" val="{ohos.security.permission.PermissionAvailableScope.ALL}" />
      <val name="grantMode" val="ohos.security.permission.PermissionGrantMode.SYSTEM_GRANT" />
    </annotation>
  </item>
  <item name="ohos.security.SystemPermission SET_WIFI_CONFIG">
    <annotation name="ohos.security.permission.PermissionLevel">
      <val name="availableScope" val="{ohos.security.permission.PermissionAvailableScope.SIGNATURE, ohos.security.permission.PermissionAvailableScope.PRIVILEGED}" />
      <val name="grantMode" val="ohos.security.permission.PermissionGrantMode.SYSTEM_GRANT" />
    </annotation>
  </item>
  <item name="ohos.security.SystemPermission SET_WIFI_INFO">
    <annotation name="ohos.security.permission.PermissionLevel">
      <val name="availableScope" val="{ohos.security.permission.PermissionAvailableScope.ALL}" />
      <val name="grantMode" val="ohos.security.permission.PermissionGrantMode.SYSTEM_GRANT" />
    </annotation>
  </item>
  <item name="ohos.security.SystemPermission SPREAD_STATUS_BAR">
    <annotation name="ohos.security.permission.PermissionLevel">
      <val name="availableScope" val="{ohos.security.permission.PermissionAvailableScope.ALL}" />
      <val name="grantMode" val="ohos.security.permission.PermissionGrantMode.SYSTEM_GRANT" />
    </annotation>
  </item>
  <item name="ohos.security.SystemPermission START_ABILIIES_FROM_BACKGROUND">
    <annotation name="ohos.security.permission.PermissionLevel">
      <val name="availableScope" val="{ohos.security.permission.PermissionAvailableScope.SIGNATURE, ohos.security.permission.PermissionAvailableScope.PRIVILEGED}" />
      <val name="grantMode" val="ohos.security.permission.PermissionGrantMode.SYSTEM_GRANT" />
    </annotation>
  </item>
  <item name="ohos.security.SystemPermission START_INVISIBLE_ABILITY">
    <annotation name="ohos.security.permission.PermissionLevel">
      <val name="availableScope" val="{ohos.security.permission.PermissionAvailableScope.SIGNATURE}" />
      <val name="grantMode" val="ohos.security.permission.PermissionGrantMode.SYSTEM_GRANT" />
    </annotation>
  </item>
  <item name="ohos.security.SystemPermission SYSTEM_FLOAT_WINDOW">
    <annotation name="ohos.security.permission.PermissionLevel">
      <val name="availableScope" val="{ohos.security.permission.PermissionAvailableScope.ALL}" />
      <val name="grantMode" val="ohos.security.permission.PermissionGrantMode.SYSTEM_GRANT" />
    </annotation>
  </item>
  <item name="ohos.security.SystemPermission UPDATE_CONFIGURATION">
    <annotation name="ohos.security.permission.PermissionLevel">
      <val name="availableScope" val="{ohos.security.permission.PermissionAvailableScope.SIGNATURE, ohos.security.permission.PermissionAvailableScope.PRIVILEGED}" />
      <val name="grantMode" val="ohos.security.permission.PermissionGrantMode.SYSTEM_GRANT" />
    </annotation>
  </item>
  <item name="ohos.security.SystemPermission USE_BLUETOOTH">
    <annotation name="ohos.security.permission.PermissionLevel">
      <val name="availableScope" val="{ohos.security.permission.PermissionAvailableScope.ALL}" />
      <val name="grantMode" val="ohos.security.permission.PermissionGrantMode.SYSTEM_GRANT" />
    </annotation>
  </item>
  <item name="ohos.security.SystemPermission USE_TRUSTCIRCLE_MANAGER">
    <annotation name="ohos.security.permission.PermissionLevel">
      <val name="availableScope" val="{ohos.security.permission.PermissionAvailableScope.ALL}" />
      <val name="grantMode" val="ohos.security.permission.PermissionGrantMode.SYSTEM_GRANT" />
    </annotation>
  </item>
  <item name="ohos.security.SystemPermission USE_WHOLE_SCREEN">
    <annotation name="ohos.security.permission.PermissionLevel">
      <val name="availableScope" val="{ohos.security.permission.PermissionAvailableScope.ALL}" />
      <val name="grantMode" val="ohos.security.permission.PermissionGrantMode.SYSTEM_GRANT" />
    </annotation>
  </item>
  <item name="ohos.security.SystemPermission VIBRATE">
    <annotation name="ohos.security.permission.PermissionLevel">
      <val name="availableScope" val="{ohos.security.permission.PermissionAvailableScope.ALL}" />
      <val name="grantMode" val="ohos.security.permission.PermissionGrantMode.SYSTEM_GRANT" />
    </annotation>
  </item>
  <item name="ohos.security.SystemPermission WRITE_CALENDAR">
    <annotation name="ohos.security.permission.PermissionLevel">
      <val name="availableScope" val="{ohos.security.permission.PermissionAvailableScope.ALL}" />
      <val name="grantMode" val="ohos.security.permission.PermissionGrantMode.USER_GRANT" />
    </annotation>
  </item>
  <item name="ohos.security.SystemPermission WRITE_CALL_LOG">
    <annotation name="ohos.security.permission.PermissionLevel">
      <val name="availableScope" val="{ohos.security.permission.PermissionAvailableScope.SIGNATURE, ohos.security.permission.PermissionAvailableScope.PRIVILEGED, ohos.security.permission.PermissionAvailableScope.RESTRICTED}" />
      <val name="grantMode" val="ohos.security.permission.PermissionGrantMode.USER_GRANT" />
    </annotation>
  </item>
  <item name="ohos.security.SystemPermission WRITE_CONTACTS">
    <annotation name="ohos.security.permission.PermissionLevel">
      <val name="availableScope" val="{ohos.security.permission.PermissionAvailableScope.SIGNATURE, ohos.security.permission.PermissionAvailableScope.PRIVILEGED, ohos.security.permission.PermissionAvailableScope.RESTRICTED}" />
      <val name="grantMode" val="ohos.security.permission.PermissionGrantMode.USER_GRANT" />
    </annotation>
  </item>
  <item name="ohos.security.SystemPermission WRITE_EXTERNAL_MEDIA_MEMORY">
    <annotation name="ohos.security.permission.PermissionLevel">
      <val name="availableScope" val="{ohos.security.permission.PermissionAvailableScope.SIGNATURE, ohos.security.permission.PermissionAvailableScope.PRIVILEGED}" />
      <val name="grantMode" val="ohos.security.permission.PermissionGrantMode.SYSTEM_GRANT" />
    </annotation>
  </item>
  <item name="ohos.security.SystemPermission WRITE_MEDIA">
    <annotation name="ohos.security.permission.PermissionLevel">
      <val name="availableScope" val="{ohos.security.permission.PermissionAvailableScope.ALL}" />
      <val name="grantMode" val="ohos.security.permission.PermissionGrantMode.USER_GRANT" />
    </annotation>
  </item>
  <item name="ohos.security.SystemPermission WRITE_SCREEN_SAVER">
    <annotation name="ohos.security.permission.PermissionLevel">
      <val name="availableScope" val="{ohos.security.permission.PermissionAvailableScope.SIGNATURE, ohos.security.permission.PermissionAvailableScope.PRIVILEGED}" />
      <val name="grantMode" val="ohos.security.permission.PermissionGrantMode.SYSTEM_GRANT" />
    </annotation>
  </item>
  <item name="ohos.security.SystemPermission WRITE_USER_STORAGE">
    <annotation name="ohos.security.permission.PermissionLevel">
      <val name="availableScope" val="{ohos.security.permission.PermissionAvailableScope.SIGNATURE, ohos.security.permission.PermissionAvailableScope.PRIVILEGED}" />
      <val name="grantMode" val="ohos.security.permission.PermissionGrantMode.USER_GRANT" />
    </annotation>
  </item>
</root>

