<?xml version="1.0" encoding="UTF-8"?>
<root>
  <item name="ohos.nfc.tag.TagManager boolean connectTag()">
    <annotation name="ohos.security.permission.NeedsPermission">
      <val name="value" val="&quot;ohos.permission.NFC_TAG&quot;" />
    </annotation>
  </item>
  <item name="ohos.nfc.tag.TagManager boolean isTagConnected()">
    <annotation name="ohos.security.permission.NeedsPermission">
      <val name="value" val="&quot;ohos.permission.NFC_TAG&quot;" />
    </annotation>
  </item>
  <item name="ohos.nfc.tag.TagManager boolean setSendDataTimeout(int)">
    <annotation name="ohos.security.permission.NeedsPermission">
      <val name="value" val="&quot;ohos.permission.NFC_TAG&quot;" />
    </annotation>
  </item>
  <item name="ohos.nfc.tag.TagManager byte[] sendData(byte[])">
    <annotation name="ohos.security.permission.NeedsPermission">
      <val name="value" val="&quot;ohos.permission.NFC_TAG&quot;" />
    </annotation>
  </item>
  <item name="ohos.nfc.tag.TagManager int getMaxSendLength()">
    <annotation name="ohos.security.permission.NeedsPermission">
      <val name="value" val="&quot;ohos.permission.NFC_TAG&quot;" />
    </annotation>
  </item>
  <item name="ohos.nfc.tag.TagManager int getSendDataTimeout()">
    <annotation name="ohos.security.permission.NeedsPermission">
      <val name="value" val="&quot;ohos.permission.NFC_TAG&quot;" />
    </annotation>
  </item>
  <item name="ohos.nfc.tag.TagManager void reset()">
    <annotation name="ohos.security.permission.NeedsPermission">
      <val name="value" val="&quot;ohos.permission.NFC_TAG&quot;" />
    </annotation>
  </item>
</root>

