<?xml version="1.0" encoding="UTF-8"?>
<root>
  <item name="ohos.nfc.cardemulation.CardEmulation boolean isDefaultForAid(ohos.bundle.ElementName, java.lang.String)">
    <annotation name="ohos.security.permission.NeedsPermission">
      <val name="value" val="&quot;ohos.permission.NFC_CARD_EMULATION&quot;" />
    </annotation>
  </item>
  <item name="ohos.nfc.cardemulation.CardEmulation boolean isDefaultForType(ohos.bundle.ElementName, java.lang.String)">
    <annotation name="ohos.security.permission.NeedsPermission">
      <val name="value" val="&quot;ohos.permission.NFC_CARD_EMULATION&quot;" />
    </annotation>
  </item>
  <item name="ohos.nfc.cardemulation.CardEmulation boolean isListenModeEnabled()">
    <annotation name="ohos.security.permission.NeedsPermission">
      <val name="value" val="&quot;ohos.permission.NFC_CARD_EMULATION&quot;" />
    </annotation>
  </item>
  <item name="ohos.nfc.cardemulation.CardEmulation boolean isSupported(int)">
    <annotation name="ohos.security.permission.NeedsPermission">
      <val name="value" val="&quot;ohos.permission.NFC_CARD_EMULATION&quot;" />
    </annotation>
  </item>
  <item name="ohos.nfc.cardemulation.CardEmulation boolean registerAids(ohos.bundle.ElementName, java.lang.String, java.util.List<java.lang.String>)">
    <annotation name="ohos.security.permission.NeedsPermission">
      <val name="value" val="&quot;ohos.permission.NFC_CARD_EMULATION&quot;" />
    </annotation>
  </item>
  <item name="ohos.nfc.cardemulation.CardEmulation boolean registerForegroundPreferred(ohos.aafwk.ability.Ability, ohos.bundle.ElementName)">
    <annotation name="ohos.security.permission.NeedsPermission">
      <val name="value" val="&quot;ohos.permission.NFC_CARD_EMULATION&quot;" />
    </annotation>
  </item>
  <item name="ohos.nfc.cardemulation.CardEmulation boolean removeAids(ohos.bundle.ElementName, java.lang.String)">
    <annotation name="ohos.security.permission.NeedsPermission">
      <val name="value" val="&quot;ohos.permission.NFC_CARD_EMULATION&quot;" />
    </annotation>
  </item>
  <item name="ohos.nfc.cardemulation.CardEmulation boolean unregisterForegroundPreferred(ohos.aafwk.ability.Ability)">
    <annotation name="ohos.security.permission.NeedsPermission">
      <val name="value" val="&quot;ohos.permission.NFC_CARD_EMULATION&quot;" />
    </annotation>
  </item>
  <item name="ohos.nfc.cardemulation.CardEmulation java.lang.String getNfcInfo(java.lang.String)">
    <annotation name="ohos.security.permission.NeedsPermission">
      <val name="value" val="&quot;ohos.permission.NFC_CARD_EMULATION&quot;" />
    </annotation>
  </item>
  <item name="ohos.nfc.cardemulation.CardEmulation java.util.List&lt;java.lang.String&gt; getAids(ohos.bundle.ElementName, java.lang.String)">
    <annotation name="ohos.security.permission.NeedsPermission">
      <val name="value" val="&quot;ohos.permission.NFC_CARD_EMULATION&quot;" />
    </annotation>
  </item>
  <item name="ohos.nfc.cardemulation.CardEmulation void setListenMode(int)">
    <annotation name="ohos.security.permission.NeedsPermission">
      <val name="value" val="&quot;ohos.permission.NFC_CARD_EMULATION&quot;" />
    </annotation>
  </item>
</root>

