<?xml version="1.0" encoding="UTF-8"?>
<root>
  <item name="ohos.wifi.WifiDevice boolean addUntrustedConfig(ohos.wifi.WifiDeviceConfig)">
    <annotation name="ohos.security.permission.NeedsPermission">
      <val name="value" val="&quot;ohos.permission.SET_WIFI_INFO&quot;" />
    </annotation>
  </item>
  <item name="ohos.wifi.WifiDevice boolean isConnected()">
    <annotation name="ohos.security.permission.NeedsPermission">
      <val name="value" val="&quot;ohos.permission.GET_WIFI_INFO&quot;" />
    </annotation>
  </item>
  <item name="ohos.wifi.WifiDevice boolean isFeatureSupported(long)">
    <annotation name="ohos.security.permission.NeedsPermission">
      <val name="value" val="&quot;ohos.permission.GET_WIFI_INFO&quot;" />
    </annotation>
  </item>
  <item name="ohos.wifi.WifiDevice boolean isWifiActive()">
    <annotation name="ohos.security.permission.NeedsPermission">
      <val name="value" val="&quot;ohos.permission.GET_WIFI_INFO&quot;" />
    </annotation>
  </item>
  <item name="ohos.wifi.WifiDevice boolean removeUntrustedConfig(ohos.wifi.WifiDeviceConfig)">
    <annotation name="ohos.security.permission.NeedsPermission">
      <val name="value" val="&quot;ohos.permission.SET_WIFI_INFO&quot;" />
    </annotation>
  </item>
  <item name="ohos.wifi.WifiDevice boolean scan()">
    <annotation name="ohos.security.permission.NeedsPermission">
      <val name="all" val="{&quot;ohos.permission.SET_WIFI_INFO&quot;, &quot;ohos.permission.LOCATION&quot;}" />
    </annotation>
  </item>
  <item name="ohos.wifi.WifiDevice java.lang.String getCountryCode()">
    <annotation name="ohos.security.permission.NeedsPermission">
      <val name="all" val="{&quot;ohos.permission.GET_WIFI_INFO&quot;, &quot;ohos.permission.LOCATION&quot;}" />
    </annotation>
  </item>
  <item name="ohos.wifi.WifiDevice java.util.List&lt;ohos.wifi.WifiScanInfo&gt; getScanInfoList()">
    <annotation name="ohos.security.permission.NeedsPermission">
      <val name="value" val="&quot;ohos.permission.GET_WIFI_INFO&quot;" />
      <val name="any" val="{&quot;ohos.permission.LOCATION&quot;, &quot;ohos.permission.GET_WIFI_PEERS_MAC&quot;}" />
    </annotation>
  </item>
  <item name="ohos.wifi.WifiDevice java.util.Optional&lt;ohos.wifi.IpInfo&gt; getIpInfo()">
    <annotation name="ohos.security.permission.NeedsPermission">
      <val name="value" val="&quot;ohos.permission.GET_WIFI_INFO&quot;" />
    </annotation>
  </item>
  <item name="ohos.wifi.WifiDevice java.util.Optional&lt;ohos.wifi.WifiLinkedInfo&gt; getLinkedInfo()">
    <annotation name="ohos.security.permission.NeedsPermission">
      <val name="value" val="&quot;ohos.permission.GET_WIFI_INFO&quot;" />
    </annotation>
  </item>
</root>

