<?xml version="1.0" encoding="UTF-8"?>
<root>
  <item name="ohos.bundleactive.BundleActiveInfosMgr java.util.List&lt;ohos.bundleactive.BundleActiveInfos&gt; queryBundleActiveInfosByInterval(int, long, long)">
    <annotation name="ohos.security.permission.NeedsPermission">
      <val name="value" val="&quot;ohos.permission.BUNDLE_ACTIVE_INFO&quot;" />
    </annotation>
  </item>
  <item name="ohos.bundleactive.BundleActiveInfosMgr java.util.Map&lt;java.lang.String,ohos.bundleactive.BundleActiveInfos&gt; queryBundleActiveInfos(long, long)">
    <annotation name="ohos.security.permission.NeedsPermission">
      <val name="value" val="&quot;ohos.permission.BUNDLE_ACTIVE_INFO&quot;" />
    </annotation>
  </item>
  <item name="ohos.bundleactive.BundleActiveInfosMgr ohos.bundleactive.BundleActiveStates queryBundleActiveStates(long, long)">
    <annotation name="ohos.security.permission.NeedsPermission">
      <val name="value" val="&quot;ohos.permission.BUNDLE_ACTIVE_INFO&quot;" />
    </annotation>
  </item>
</root>

