<?xml version="1.0" encoding="UTF-8"?>
<root>
  <item name="ohos.telephony.CellularDataInfoManager boolean isCellularDataEnabled()">
    <annotation name="ohos.security.permission.NeedsPermission">
      <val name="value" val="&quot;ohos.permission.GET_NETWORK_INFO&quot;" />
    </annotation>
  </item>
  <item name="ohos.telephony.CellularDataInfoManager boolean isCellularDataRoamingEnabled(int)">
    <annotation name="ohos.security.permission.NeedsPermission">
      <val name="value" val="&quot;ohos.permission.GET_NETWORK_INFO&quot;" />
    </annotation>
  </item>
  <item name="ohos.telephony.RadioInfoManager int getCsRadioTech(int)">
    <annotation name="ohos.security.permission.NeedsPermission">
      <val name="value" val="&quot;ohos.permission.GET_NETWORK_INFO&quot;" />
    </annotation>
  </item>
  <item name="ohos.telephony.RadioInfoManager int getPsRadioTech(int)">
    <annotation name="ohos.security.permission.NeedsPermission">
      <val name="value" val="&quot;ohos.permission.GET_NETWORK_INFO&quot;" />
    </annotation>
  </item>
  <item name="ohos.telephony.RadioInfoManager int getRadioTech(int)">
    <annotation name="ohos.security.permission.NeedsPermission">
      <val name="value" val="&quot;ohos.permission.GET_NETWORK_INFO&quot;" />
    </annotation>
  </item>
  <item name="ohos.telephony.RadioInfoManager java.lang.String getImei(int)">
    <annotation name="ohos.security.permission.NeedsPermission">
      <val name="value" val="&quot;ohos.permission.GET_TELEPHONY_STATE&quot;" />
    </annotation>
  </item>
  <item name="ohos.telephony.RadioInfoManager java.lang.String getImeiSv(int)">
    <annotation name="ohos.security.permission.NeedsPermission">
      <val name="value" val="&quot;ohos.permission.GET_TELEPHONY_STATE&quot;" />
    </annotation>
  </item>
  <item name="ohos.telephony.RadioInfoManager java.lang.String getMeid(int)">
    <annotation name="ohos.security.permission.NeedsPermission">
      <val name="value" val="&quot;ohos.permission.GET_TELEPHONY_STATE&quot;" />
    </annotation>
  </item>
  <item name="ohos.telephony.RadioInfoManager java.lang.String getPesn(int)">
    <annotation name="ohos.security.permission.NeedsPermission">
      <val name="value" val="&quot;ohos.permission.GET_TELEPHONY_STATE&quot;" />
    </annotation>
  </item>
  <item name="ohos.telephony.RadioInfoManager java.lang.String getUniqueDeviceId(int)">
    <annotation name="ohos.security.permission.NeedsPermission">
      <val name="value" val="&quot;ohos.permission.GET_TELEPHONY_STATE&quot;" />
    </annotation>
  </item>
  <item name="ohos.telephony.RadioInfoManager ohos.telephony.NetworkState getNetworkState(int)">
    <annotation name="ohos.security.permission.NeedsPermission">
      <val name="value" val="&quot;ohos.permission.GET_NETWORK_INFO&quot;" />
    </annotation>
  </item>
  <item name="ohos.telephony.RadioInfoManager void addObserver(ohos.telephony.RadioStateObserver, int)">
    <annotation name="ohos.security.permission.NeedsPermission">
      <val name="any" val="{&quot;ohos.permission.GET_NETWORK_INFO&quot;, &quot;ohos.permission.LOCATION&quot;}" />
    </annotation>
  </item>
  <item name="ohos.telephony.ShortMessageManager boolean setSmscAddr(int, java.lang.String)">
    <annotation name="ohos.security.permission.NeedsPermission">
      <val name="value" val="&quot;ohos.permission.SET_TELEPHONY_STATE&quot;" />
    </annotation>
  </item>
  <item name="ohos.telephony.ShortMessageManager java.lang.String getSmscAddr(int)">
    <annotation name="ohos.security.permission.NeedsPermission">
      <val name="value" val="&quot;ohos.permission.GET_TELEPHONY_STATE&quot;" />
    </annotation>
  </item>
  <item name="ohos.telephony.ShortMessageManager void sendMessage(int, java.lang.String, java.lang.String, byte[], short, ohos.telephony.ISendShortMessageCallback, ohos.telephony.IDeliveryShortMessageCallback)">
    <annotation name="ohos.security.permission.NeedsPermission">
      <val name="any" val="{&quot;ohos.permission.SEND_MESSAGES&quot;}" />
    </annotation>
  </item>
  <item name="ohos.telephony.ShortMessageManager void sendMessage(int, java.lang.String, java.lang.String, java.lang.String, ohos.telephony.ISendShortMessageCallback, ohos.telephony.IDeliveryShortMessageCallback)">
    <annotation name="ohos.security.permission.NeedsPermission">
      <val name="any" val="{&quot;ohos.permission.SEND_MESSAGES&quot;}" />
    </annotation>
  </item>
  <item name="ohos.telephony.SimInfoManager int getVoiceMailCount(int)">
    <annotation name="ohos.security.permission.NeedsPermission">
      <val name="value" val="&quot;ohos.permission.GET_TELEPHONY_STATE&quot;" />
    </annotation>
  </item>
  <item name="ohos.telephony.SimInfoManager java.lang.String getLine1NumberFromImpu(int)">
    <annotation name="ohos.security.permission.NeedsPermission">
      <val name="value" val="&quot;ohos.permission.GET_TELEPHONY_STATE&quot;" />
    </annotation>
  </item>
  <item name="ohos.telephony.SimInfoManager java.lang.String getSimGid1(int)">
    <annotation name="ohos.security.permission.NeedsPermission">
      <val name="value" val="&quot;ohos.permission.GET_TELEPHONY_STATE&quot;" />
    </annotation>
  </item>
  <item name="ohos.telephony.SimInfoManager java.lang.String getSimIccId(int)">
    <annotation name="ohos.security.permission.NeedsPermission">
      <val name="value" val="&quot;ohos.permission.GET_TELEPHONY_STATE&quot;" />
    </annotation>
  </item>
  <item name="ohos.telephony.SimInfoManager java.lang.String getSimTeleNumberIdentifier(int)">
    <annotation name="ohos.security.permission.NeedsPermission">
      <val name="value" val="&quot;ohos.permission.GET_TELEPHONY_STATE&quot;" />
    </annotation>
  </item>
  <item name="ohos.telephony.SimInfoManager java.lang.String getSimTelephoneNumber(int)">
    <annotation name="ohos.security.permission.NeedsPermission">
      <val name="value" val="&quot;ohos.permission.GET_TELEPHONY_STATE&quot;" />
    </annotation>
  </item>
  <item name="ohos.telephony.SimInfoManager java.lang.String getVoiceMailIdentifier(int)">
    <annotation name="ohos.security.permission.NeedsPermission">
      <val name="value" val="&quot;ohos.permission.GET_TELEPHONY_STATE&quot;" />
    </annotation>
  </item>
  <item name="ohos.telephony.SimInfoManager java.lang.String getVoiceMailNumber(int)">
    <annotation name="ohos.security.permission.NeedsPermission">
      <val name="value" val="&quot;ohos.permission.GET_TELEPHONY_STATE&quot;" />
    </annotation>
  </item>
</root>

