<?xml version="1.0" encoding="UTF-8"?>
<root>
  <item name="ohos.net.NetHotspot java.lang.String[] getHotspotIfaces()">
    <annotation name="ohos.security.permission.NeedsPermission">
      <val name="value" val="&quot;ohos.permission.GET_NETWORK_INFO&quot;" />
    </annotation>
  </item>
  <item name="ohos.net.NetHotspot java.lang.String[] getNetHotspotAbleIfaces()">
    <annotation name="ohos.security.permission.NeedsPermission">
      <val name="value" val="&quot;ohos.permission.GET_NETWORK_INFO&quot;" />
    </annotation>
  </item>
  <item name="ohos.net.NetHotspot long getRxBytes()">
    <annotation name="ohos.security.permission.NeedsPermission">
      <val name="value" val="&quot;ohos.permission.CONNECTIVITY_INTERNAL&quot;" />
    </annotation>
  </item>
  <item name="ohos.net.NetHotspot long getTxBytes()">
    <annotation name="ohos.security.permission.NeedsPermission">
      <val name="value" val="&quot;ohos.permission.CONNECTIVITY_INTERNAL&quot;" />
    </annotation>
  </item>
  <item name="ohos.net.NetManager boolean addDefaultNetStatusCallback(ohos.net.NetStatusCallback)">
    <annotation name="ohos.security.permission.NeedsPermission">
      <val name="value" val="&quot;ohos.permission.GET_NETWORK_INFO&quot;" />
    </annotation>
  </item>
  <item name="ohos.net.NetManager boolean addNetStatusCallback(ohos.net.NetSpecifier, ohos.net.NetStatusCallback)">
    <annotation name="ohos.security.permission.NeedsPermission">
      <val name="value" val="&quot;ohos.permission.GET_NETWORK_INFO&quot;" />
    </annotation>
  </item>
  <item name="ohos.net.NetManager boolean isDefaultNetMetered()">
    <annotation name="ohos.security.permission.NeedsPermission">
      <val name="value" val="&quot;ohos.permission.GET_NETWORK_INFO&quot;" />
    </annotation>
  </item>
  <item name="ohos.net.NetManager boolean sendNetConnectState(ohos.net.NetHandle, boolean)">
    <annotation name="ohos.security.permission.NeedsPermission">
      <val name="all" val="{&quot;ohos.permission.GET_NETWORK_INFO&quot;, &quot;ohos.permission.INTERNET&quot;}" />
    </annotation>
  </item>
  <item name="ohos.net.NetManager boolean setupSpecificNet(ohos.net.NetSpecifier, ohos.net.NetStatusCallback)">
    <annotation name="ohos.security.permission.NeedsPermission">
      <val name="value" val="&quot;ohos.permission.SET_NETWORK_INFO&quot;" />
    </annotation>
  </item>
  <item name="ohos.net.NetManager ohos.net.ConnectionProperties getConnectionProperties(ohos.net.NetHandle)">
    <annotation name="ohos.security.permission.NeedsPermission">
      <val name="value" val="&quot;ohos.permission.GET_NETWORK_INFO&quot;" />
    </annotation>
  </item>
  <item name="ohos.net.NetManager ohos.net.NetCapabilities getNetCapabilities(ohos.net.NetHandle)">
    <annotation name="ohos.security.permission.NeedsPermission">
      <val name="value" val="&quot;ohos.permission.GET_NETWORK_INFO&quot;" />
    </annotation>
  </item>
  <item name="ohos.net.NetManager ohos.net.NetHandle getDefaultNet()">
    <annotation name="ohos.security.permission.NeedsPermission">
      <val name="value" val="&quot;ohos.permission.GET_NETWORK_INFO&quot;" />
    </annotation>
  </item>
  <item name="ohos.net.NetManager ohos.net.NetHandle[] getAllNets()">
    <annotation name="ohos.security.permission.NeedsPermission">
      <val name="value" val="&quot;ohos.permission.GET_NETWORK_INFO&quot;" />
    </annotation>
  </item>
</root>

