<?xml version="1.0" encoding="UTF-8"?>
<root>
  <item name="ohos.powermanager.PowerManager ohos.powermanager.PowerManager.RunningLock createRunningLock(java.lang.String, ohos.powermanager.PowerManager.RunningLockType)">
    <annotation name="ohos.security.permission.NeedsPermission">
      <val name="value" val="&quot;ohos.permission.RUNNING_LOCK&quot;" />
    </annotation>
  </item>
  <item name="ohos.powermanager.PowerManager void rebootDevice(java.lang.String)">
    <annotation name="ohos.security.permission.NeedsPermission">
      <val name="any" val="{&quot;ohos.permission.REBOOT&quot;, &quot;ohos.permission.REBOOT_RECOVERY&quot;}" />
    </annotation>
  </item>
</root>

