<?xml version="1.0" encoding="UTF-8"?>
<root>
  <item name="ohos.dcall.CallStateObserver void onCallStateUpdated(int, java.lang.String)">
    <annotation name="ohos.security.permission.NeedsPermission">
      <val name="value" val="&quot;ohos.permission.READ_CALL_LOG&quot;" />
    </annotation>
  </item>
  <item name="ohos.dcall.CallStateObserver void onCfuIndicatorUpdated(boolean)">
    <annotation name="ohos.security.permission.NeedsPermission">
      <val name="value" val="&quot;ohos.permission.GET_TELEPHONY_STATE&quot;" />
    </annotation>
  </item>
  <item name="ohos.dcall.CallStateObserver void onVoiceMailMsgIndicatorUpdated(boolean)">
    <annotation name="ohos.security.permission.NeedsPermission">
      <val name="value" val="&quot;ohos.permission.GET_TELEPHONY_STATE&quot;" />
    </annotation>
  </item>
</root>

