<?xml version="1.0" encoding="UTF-8"?>
<root>
  <item name="ohos.distributedschedule.interwork.DeviceManager boolean registerDeviceStateCallback(ohos.distributedschedule.interwork.IDeviceStateCallback)">
    <annotation name="ohos.security.permission.NeedsPermission">
      <val name="value" val="&quot;ohos.permission.DISTRIBUTED_DEVICE_STATE_CHANGE&quot;" />
    </annotation>
  </item>
  <item name="ohos.distributedschedule.interwork.DeviceManager boolean unregisterDeviceStateCallback(ohos.distributedschedule.interwork.IDeviceStateCallback)">
    <annotation name="ohos.security.permission.NeedsPermission">
      <val name="value" val="&quot;ohos.permission.DISTRIBUTED_DEVICE_STATE_CHANGE&quot;" />
    </annotation>
  </item>
  <item name="ohos.distributedschedule.interwork.DeviceManager java.util.List&lt;ohos.bundle.AbilityInfo&gt; queryRemoteAbilityByIntent(ohos.aafwk.content.Intent)">
    <annotation name="ohos.security.permission.NeedsPermission">
      <val name="value" val="&quot;ohos.permission.GET_BUNDLE_INFO&quot;" />
    </annotation>
  </item>
  <item name="ohos.distributedschedule.interwork.DeviceManager java.util.List&lt;ohos.distributedschedule.interwork.DeviceInfo&gt; getDeviceList(int)">
    <annotation name="ohos.security.permission.NeedsPermission">
      <val name="value" val="&quot;ohos.permission.GET_DISTRIBUTED_DEVICE_INFO&quot;" />
    </annotation>
  </item>
  <item name="ohos.distributedschedule.interwork.DeviceManager ohos.distributedschedule.interwork.DeviceInfo getDeviceInfo(java.lang.String)">
    <annotation name="ohos.security.permission.NeedsPermission">
      <val name="value" val="&quot;ohos.permission.GET_DISTRIBUTED_DEVICE_INFO&quot;" />
    </annotation>
  </item>
  <item name="ohos.distributedschedule.interwork.DeviceManager void initDistributedEnvironment(java.lang.String, ohos.distributedschedule.interwork.IInitCallback)">
    <annotation name="ohos.security.permission.NeedsPermission">
      <val name="value" val="&quot;ohos.permission.DISTRIBUTED_DATASYNC&quot;" />
    </annotation>
  </item>
  <item name="ohos.distributedschedule.interwork.DeviceManager void unInitDistributedEnvironment(java.lang.String, ohos.distributedschedule.interwork.IInitCallback)">
    <annotation name="ohos.security.permission.NeedsPermission">
      <val name="value" val="&quot;ohos.permission.DISTRIBUTED_DATASYNC&quot;" />
    </annotation>
  </item>
</root>

