<?xml version="1.0" encoding="UTF-8"?>
<root>
  <item name="ohos.aafwk.ability.Ability void keepBackgroundRunning(int, ohos.event.notification.NotificationRequest)">
    <annotation name="ohos.security.permission.NeedsPermission">
      <val name="value" val="&quot;ohos.permission.KEEP_BACKGROUND_RUNNING&quot;" />
    </annotation>
  </item>
  <item name="ohos.aafwk.ability.Ability void startAssistAbility(ohos.aafwk.content.Intent, ohos.aafwk.ability.assistance.IAssistanceChannel)">
    <annotation name="ohos.security.permission.NeedsPermission">
      <val name="any" val="{&quot;ohos.permission.DISTRIBUTED_DATASYNC&quot;, &quot;com.huawei.hwddmp.servicebus.BIND_SERVICE&quot;}" />
    </annotation>
  </item>
  <item name="ohos.aafwk.ability.AbilitySlice boolean acquireAbilityFormAsync(ohos.aafwk.content.Intent, ohos.aafwk.ability.AbilityForm.OnAcquiredCallback)">
    <annotation name="ohos.security.permission.NeedsPermission">
      <val name="value" val="&quot;ohos.permission.REQUIRE_FORM&quot;" />
    </annotation>
  </item>
  <item name="ohos.aafwk.ability.AbilitySlice boolean acquireForm(ohos.aafwk.content.Intent, ohos.aafwk.ability.AbilitySlice.FormCallback)">
    <annotation name="ohos.security.permission.NeedsPermission">
      <val name="all" val="{&quot;ohos.permission.REQUIRE_FORM&quot;, &quot;ohos.permission.GET_BUNDLE_INFO_PRIVILEGED&quot;}" />
    </annotation>
  </item>
  <item name="ohos.aafwk.ability.AbilitySlice boolean castTempForm(long)">
    <annotation name="ohos.security.permission.NeedsPermission">
      <val name="value" val="&quot;ohos.permission.REQUIRE_FORM&quot;" />
    </annotation>
  </item>
  <item name="ohos.aafwk.ability.AbilitySlice boolean deleteForm(int)">
    <annotation name="ohos.security.permission.NeedsPermission">
      <val name="value" val="&quot;ohos.permission.REQUIRE_FORM&quot;" />
    </annotation>
  </item>
  <item name="ohos.aafwk.ability.AbilitySlice boolean deleteForm(long)">
    <annotation name="ohos.security.permission.NeedsPermission">
      <val name="value" val="&quot;ohos.permission.REQUIRE_FORM&quot;" />
    </annotation>
  </item>
  <item name="ohos.aafwk.ability.AbilitySlice boolean releaseForm(int)">
    <annotation name="ohos.security.permission.NeedsPermission">
      <val name="value" val="&quot;ohos.permission.REQUIRE_FORM&quot;" />
    </annotation>
  </item>
  <item name="ohos.aafwk.ability.AbilitySlice boolean releaseForm(long)">
    <annotation name="ohos.security.permission.NeedsPermission">
      <val name="value" val="&quot;ohos.permission.REQUIRE_FORM&quot;" />
    </annotation>
  </item>
  <item name="ohos.aafwk.ability.AbilitySlice boolean releaseForm(long, boolean)">
    <annotation name="ohos.security.permission.NeedsPermission">
      <val name="value" val="&quot;ohos.permission.REQUIRE_FORM&quot;" />
    </annotation>
  </item>
  <item name="ohos.aafwk.ability.AbilitySlice boolean requestForm(int)">
    <annotation name="ohos.security.permission.NeedsPermission">
      <val name="value" val="&quot;ohos.permission.REQUIRE_FORM&quot;" />
    </annotation>
  </item>
  <item name="ohos.aafwk.ability.AbilitySlice boolean requestForm(long)">
    <annotation name="ohos.security.permission.NeedsPermission">
      <val name="value" val="&quot;ohos.permission.REQUIRE_FORM&quot;" />
    </annotation>
  </item>
  <item name="ohos.aafwk.ability.AbilitySlice boolean requestForm(long, ohos.aafwk.content.Intent)">
    <annotation name="ohos.security.permission.NeedsPermission">
      <val name="value" val="&quot;ohos.permission.REQUIRE_FORM&quot;" />
    </annotation>
  </item>
  <item name="ohos.aafwk.ability.AbilitySlice int checkAndDeleteInvalidForms(java.util.List<java.lang.Long>)">
    <annotation name="ohos.security.permission.NeedsPermission">
      <val name="value" val="&quot;ohos.permission.REQUIRE_FORM&quot;" />
    </annotation>
  </item>
  <item name="ohos.aafwk.ability.AbilitySlice java.util.List&lt;ohos.bundle.FormInfo&gt; getAllForms()">
    <annotation name="ohos.security.permission.NeedsPermission">
      <val name="value" val="&quot;ohos.permission.GET_BUNDLE_INFO_PRIVILEGED&quot;" />
    </annotation>
  </item>
  <item name="ohos.aafwk.ability.AbilitySlice java.util.List&lt;ohos.bundle.FormInfo&gt; getAllFormsInfo()">
    <annotation name="ohos.security.permission.NeedsPermission">
      <val name="value" val="&quot;ohos.permission.GET_BUNDLE_INFO_PRIVILEGED&quot;" />
    </annotation>
  </item>
  <item name="ohos.aafwk.ability.AbilitySlice java.util.List&lt;ohos.bundle.FormInfo&gt; getFormsByApp(java.lang.String)">
    <annotation name="ohos.security.permission.NeedsPermission">
      <val name="value" val="&quot;ohos.permission.GET_BUNDLE_INFO_PRIVILEGED&quot;" />
    </annotation>
  </item>
  <item name="ohos.aafwk.ability.AbilitySlice java.util.List&lt;ohos.bundle.FormInfo&gt; getFormsByModule(java.lang.String, java.lang.String)">
    <annotation name="ohos.security.permission.NeedsPermission">
      <val name="value" val="&quot;ohos.permission.GET_BUNDLE_INFO_PRIVILEGED&quot;" />
    </annotation>
  </item>
  <item name="ohos.aafwk.ability.AbilitySlice java.util.List&lt;ohos.bundle.FormInfo&gt; getFormsInfoByApp(java.lang.String)">
    <annotation name="ohos.security.permission.NeedsPermission">
      <val name="value" val="&quot;ohos.permission.GET_BUNDLE_INFO_PRIVILEGED&quot;" />
    </annotation>
  </item>
  <item name="ohos.aafwk.ability.AbilitySlice java.util.List&lt;ohos.bundle.FormInfo&gt; getFormsInfoByModule(java.lang.String, java.lang.String)">
    <annotation name="ohos.security.permission.NeedsPermission">
      <val name="value" val="&quot;ohos.permission.GET_BUNDLE_INFO_PRIVILEGED&quot;" />
    </annotation>
  </item>
  <item name="ohos.aafwk.ability.AbilitySlice void acquireFormState(ohos.aafwk.content.Intent, ohos.aafwk.ability.AbilitySlice.FormCallback)">
    <annotation name="ohos.security.permission.NeedsPermission">
      <val name="all" val="{&quot;ohos.permission.REQUIRE_FORM&quot;, &quot;ohos.permission.GET_BUNDLE_INFO_PRIVILEGED&quot;}" />
    </annotation>
  </item>
  <item name="ohos.aafwk.ability.AbilitySlice void notifyInvisibleForms(java.util.List<java.lang.Long>)">
    <annotation name="ohos.security.permission.NeedsPermission">
      <val name="value" val="&quot;ohos.permission.REQUIRE_FORM&quot;" />
    </annotation>
  </item>
  <item name="ohos.aafwk.ability.AbilitySlice void notifyVisibleForms(java.util.List<java.lang.Long>)">
    <annotation name="ohos.security.permission.NeedsPermission">
      <val name="value" val="&quot;ohos.permission.REQUIRE_FORM&quot;" />
    </annotation>
  </item>
</root>

