<?xml version="1.0" encoding="UTF-8"?>
<root>
  <item name="ohos.sysappcomponents.calendar.CalendarDataHelper boolean delete(int)">
    <annotation name="ohos.security.permission.NeedsPermission">
      <val name="all" val="{&quot;ohos.permission.READ_CALENDAR&quot;, &quot;ohos.permission.WRITE_CALENDAR&quot;}" />
    </annotation>
  </item>
  <item name="ohos.sysappcomponents.calendar.CalendarDataHelper boolean delete(ohos.sysappcomponents.calendar.entity.CalendarEntity)">
    <annotation name="ohos.security.permission.NeedsPermission">
      <val name="all" val="{&quot;ohos.permission.READ_CALENDAR&quot;, &quot;ohos.permission.WRITE_CALENDAR&quot;}" />
    </annotation>
  </item>
  <item name="ohos.sysappcomponents.calendar.CalendarDataHelper boolean insert(ohos.data.rdb.ValuesBucket)">
    <annotation name="ohos.security.permission.NeedsPermission">
      <val name="all" val="{&quot;ohos.permission.READ_CALENDAR&quot;, &quot;ohos.permission.WRITE_CALENDAR&quot;}" />
    </annotation>
  </item>
  <item name="ohos.sysappcomponents.calendar.CalendarDataHelper boolean update(ohos.data.rdb.ValuesBucket, ohos.data.dataability.DataAbilityPredicates)">
    <annotation name="ohos.security.permission.NeedsPermission">
      <val name="all" val="{&quot;ohos.permission.READ_CALENDAR&quot;, &quot;ohos.permission.WRITE_CALENDAR&quot;}" />
    </annotation>
  </item>
  <item name="ohos.sysappcomponents.calendar.CalendarDataHelper int delete(ohos.data.dataability.DataAbilityPredicates)">
    <annotation name="ohos.security.permission.NeedsPermission">
      <val name="all" val="{&quot;ohos.permission.READ_CALENDAR&quot;, &quot;ohos.permission.WRITE_CALENDAR&quot;}" />
    </annotation>
  </item>
  <item name="ohos.sysappcomponents.calendar.CalendarDataHelper ohos.sysappcomponents.calendar.CalendarCollection query(int, java.lang.String[])">
    <annotation name="ohos.security.permission.NeedsPermission">
      <val name="all" val="{&quot;ohos.permission.READ_CALENDAR&quot;, &quot;ohos.permission.WRITE_CALENDAR&quot;}" />
    </annotation>
  </item>
  <item name="ohos.sysappcomponents.calendar.CalendarDataHelper ohos.sysappcomponents.calendar.CalendarCollection query(ohos.data.dataability.DataAbilityPredicates, java.lang.String[])">
    <annotation name="ohos.security.permission.NeedsPermission">
      <val name="all" val="{&quot;ohos.permission.READ_CALENDAR&quot;, &quot;ohos.permission.WRITE_CALENDAR&quot;}" />
    </annotation>
  </item>
  <item name="ohos.sysappcomponents.calendar.CalendarDataHelper.InstancesDataHelper ohos.sysappcomponents.calendar.CalendarCollection query(ohos.data.dataability.DataAbilityPredicates, java.lang.String[], long, long)">
    <annotation name="ohos.security.permission.NeedsPermission">
      <val name="all" val="{&quot;ohos.permission.READ_CALENDAR&quot;, &quot;ohos.permission.WRITE_CALENDAR&quot;}" />
    </annotation>
  </item>
</root>

